scan_time_kst,coin,upbit_market,binance_symbol,upbit_price,upbit_price_24h_pct,upbit_24h_trade_krw,upbit_timestamp_ms,warning,caution_any,caution_types,upbit_D1_trade_krw,upbit_D2_trade_krw,upbit_D3_trade_krw,upbit_D4_trade_krw,upbit_D5_trade_krw,upbit_d1_vs_prev_x,upbit_d1_vs_3davg_x,upbit_d1_vs_5davg_x,upbit_rise_streak,upbit_price_3d_pct,upbit_price_5d_pct,upbit_supply_pattern,binance_24h_quote_usdt,binance_price_24h_pct,binance_D1_quote_usdt,binance_D2_quote_usdt,binance_D3_quote_usdt,binance_D4_quote_usdt,binance_D5_quote_usdt,binance_d1_vs_prev_x,binance_d1_vs_3davg_x,binance_d1_vs_5davg_x,binance_rise_streak,binance_price_3d_pct,binance_price_5d_pct,binance_supply_pattern,overseas_lead,overseas_lead_score,overseas_lead_reason,raw_signal_score,state,score
2026-09-27T19:32:28+09:00,ESP,KRW-ESP,,141.0,-1.3986014,14553920699.671646,1790505145724,False,True,"거래량급등,입금량급등",11264305851.511736,1257248227.1640294,1138982721.04665,721548807.202768,695148141.1282727,8.959492332648258,10.838776374713468,11.647997898427747,5,14.399999999999991,12.598425196850393,연속 가속형,,,,,,,,,,,,,,NO_DATA,,0.0,,72.2,발사 전,72.2
2026-09-27T19:32:28+09:00,GAS,KRW-GAS,,2051.0,-1.34680135,2229079203.2551765,1790505080894,False,True,"거래량급등,입금량급등",12145465293.972284,1999638884.7185578,1619003174.0239973,1929827811.180036,1951505607.7836533,6.073829323278896,6.56692687103394,6.260056062378639,3,7.776049766718507,8.677469942498695,가속형,,,,,,,,,,,,,,NO_DATA,,0.0,,63.4,발사 전,63.4
2026-09-27T19:32:28+09:00,FOLD,KRW-FOLD,,91.4,4.33789954,26794551190.472027,1790505145065,False,True,거래량급등,14492592348.077728,1701281137.632876,1551151032.7012749,5249694619.795462,2628199489.3220534,8.518634591013214,5.113753078195436,4.687216014685658,3,5.4151624548736566,4.2857142857142705,가속형,,,,,,,,,,,,,,NO_DATA,,0.0,,61.7,발사 전,61.7
2026-09-27T19:32:28+09:00,AWE,KRW-AWE,,98.6,2.7083333300000003,4535212360.974934,1790505149640,False,True,거래량급등,4738631938.853953,531760012.6767444,325220751.3625015,890359306.5973148,552484161.1700724,8.911222780744433,8.13573502688745,7.865669919050745,3,10.344827586206895,10.599078341013835,가속형,,,,,,,,,,,,,,NO_DATA,,0.0,,59.9,발사 전,59.9
2026-09-27T19:32:28+09:00,ONT,KRW-ONT,,81.6,0.74074074,618524996.0213841,1790504762400,False,True,입금량급등,2928897578.1057897,738193729.7565117,743208674.072926,1153233650.631319,672252242.1280202,3.9676543704480762,3.3350688871961798,3.367718624188539,2,7.001321003963001,6.020942408376961,고수준 유지형,,,,,,,,,,,,,,NO_DATA,,0.0,,50.5,관찰,50.5
2026-09-27T19:32:28+09:00,PUMP,KRW-PUMP,,6.1,1.8363939900000001,3405918477.705713,1790505141514,False,False,,7077553989.372783,4101793198.247136,3212175210.8482614,6006452055.01929,4371184605.91388,1.7254780159071186,1.5939933747076,1.7143076253234368,3,8.90909090909091,1.1824324324324342,가속형,,,,,,,,,,,,,,NO_DATA,,0.0,,49.5,관찰,49.5
2026-09-27T19:32:28+09:00,AZTEC,KRW-AZTEC,,23.1,-0.8583690999999999,662888951.2136712,1790505149319,False,False,,606107054.9573615,272637604.19872695,250071331.86229235,509177249.7179386,427292285.68230414,2.2231234636127706,1.7621334503082398,1.2323414196007747,3,10.952380952380958,4.954954954954971,가속형,,,,,,,,,,,,,,NO_DATA,,0.0,,48.3,관찰,48.3
2026-09-27T19:32:28+09:00,STX,KRW-STX,,475.0,1.7130621,7807423798.080725,1790505151601,False,False,,9516321270.439722,5667517324.351759,4435230530.986427,6508480643.59532,7464381994.5164585,1.6790987527379428,1.7186545723064433,1.3346796536628063,3,10.401891252955075,1.0822510822510845,가속형,,,,,,,,,,,,,,NO_DATA,,0.0,,48.2,관찰,48.2
2026-09-27T19:32:28+09:00,POLYX,KRW-POLYX,,62.3,-0.95389507,934315628.4833723,1790504985923,False,False,,3132571496.227811,1085720360.3985474,1411692152.519149,1433869239.0717933,1095783111.8219707,2.8852470769525804,2.390496301601269,2.4691387007263335,2,9.77312390924956,8.448275862068954,고수준 유지형,,,,,,,,,,,,,,NO_DATA,,0.0,,46.2,관찰,46.2
2026-09-27T19:32:28+09:00,CELO,KRW-CELO,,131.0,-0.75757576,617221079.5896052,1790505084151,False,False,,1124444243.3423002,291328478.15849984,568359220.1189625,534476426.8312035,771663970.2830554,3.8597127560270175,2.4196094773016568,1.763460033675072,2,7.317073170731714,2.3255813953488413,고수준 유지형,,,,,,,,,,,,,,NO_DATA,,0.0,,45.1,관찰,45.1
2026-09-27T19:32:28+09:00,OPEN,KRW-OPEN,,192.0,0.0,1273447978.806571,1790505076355,False,False,,1503851136.4397848,1246557249.3883724,645051369.9364836,1730678986.496826,622225083.2179157,1.206403586500062,1.2454983977717449,1.5625979573064037,3,4.918032786885251,-2.0408163265306145,중립,,,,,,,,,,,,,,NO_DATA,,0.0,,44.1,관찰,44.1
2026-09-27T19:32:28+09:00,LINEA,KRW-LINEA,,3.99,0.25125628,1009020793.2832085,1790505098735,False,False,,1380578315.800216,1188108829.6634636,594235649.3743852,1388258948.8556542,827708711.1714424,1.1619965118778472,1.3062923325457794,1.469903197967845,3,4.188481675392675,2.051282051282044,중립,,,,,,,,,,,,,,NO_DATA,,0.0,,43.7,관찰,43.7
2026-09-27T19:32:28+09:00,AHT,KRW-AHT,,1.68,0.0,314303222.02363545,1790505066650,False,False,,239721415.9712518,163901230.7816942,136327190.98387405,301883883.05296075,142739809.5120611,1.4625968019150823,1.1944021773986244,1.2149614543017693,3,4.347826086956519,3.703703703703698,중립,,,,,,,,,,,,,,NO_DATA,,0.0,,41.3,관찰,41.3
2026-09-27T19:32:28+09:00,CTC,KRW-CTC,,161.0,1.25786164,831289132.9767991,1790504958572,False,False,,966598404.0661058,533162724.42825633,507150679.77491117,1122192074.792623,512966896.7049284,1.8129519559017364,1.3409423654014991,1.2529155383703352,3,6.000000000000005,3.9215686274509887,중립,,,,,,,,,,,,,,NO_DATA,,0.0,,41.0,관찰,41.0
2026-09-27T19:32:28+09:00,SUN,KRW-SUN,,23.4,0.0,535207826.03767914,1790505127600,False,False,,377744687.9281972,326224635.72143286,273408579.08883953,627441619.5556046,636764803.5544163,1.1579281469433778,0.9235248185741011,0.8176182408443459,3,0.0,0.0,중립,,,,,,,,,,,,,,NO_DATA,,0.0,,41.0,관찰,41.0
2026-09-27T19:32:28+09:00,F,KRW-F,,5.16,-0.57803468,1616102166.1700022,1790505081863,False,False,,1931243672.5285752,1663248314.4275296,1650657542.8913343,3548448424.673397,2649224514.1071277,1.1611276895797045,0.8442774563227161,0.683508071371666,3,0.9727626459144156,2.5691699604743157,중립,,,,,,,,,,,,,,NO_DATA,,0.0,,40.1,관찰,40.1
2026-09-27T19:32:28+09:00,BFC,KRW-BFC,,40.6,-2.63788969,1032898181.665008,1790505108792,False,False,,2098615287.4534564,657952625.2843801,760647213.9787546,1687073173.7591593,2852106544.8625975,3.189614581363504,2.0272082205568545,0.526613069429245,2,4.249999999999998,-2.3419203747072626,고수준 유지형,,,,,,,,,,,,,,NO_DATA,,0.0,,39.7,관찰,39.7
2026-09-27T19:32:28+09:00,ATOM,KRW-ATOM,,2569.0,0.94302554,1573117102.5923226,1790505130205,False,False,,1836383640.010355,1626712318.3985448,1063871956.418247,1526143841.5679188,1850207344.7390072,1.1288926869492364,1.3064989650683092,1.1406729604128931,3,8.621425522833981,3.8775510204081653,중립,,,,,,,,,,,,,,NO_DATA,,0.0,,39.5,관찰,39.5
2026-09-27T19:32:28+09:00,AVAX,KRW-AVAX,,15260.0,0.85922009,7365970759.762206,1790505150288,False,False,,11523853654.978065,8691757638.73907,6781883132.745587,13583222610.403173,13497485515.085693,1.3258369749768877,1.1897898445048225,0.7949681164580111,3,6.850282485875714,-0.2636783124588038,중립,,,,,,,,,,,,,,NO_DATA,,0.0,,39.4,관찰,39.4
2026-09-27T19:32:28+09:00,HIVE,KRW-HIVE,,80.5,-1.58924205,1656938795.930163,1790505117185,False,False,,7128125470.1953945,1930753153.80951,10119001102.891792,1141522182.4377542,1063701476.9946694,3.6918885545421007,1.6210998616584111,2.3754400609565463,2,10.094212651413192,8.921438082556588,고수준 유지형,,,,,,,,,,,,,,NO_DATA,,0.0,,39.4,관찰,39.4
2026-09-27T19:32:28+09:00,DKA,KRW-DKA,,5.9,0.68259386,252067893.21318442,1790505144742,False,False,,339462835.9896932,275775194.9614227,254989420.3100747,765478487.005146,397276876.67646444,1.2309404260857457,0.7856462311586797,0.6090811940596913,3,1.0344827586207028,2.987697715289972,중립,,,,,,,,,,,,,,NO_DATA,,0.0,,39.4,관찰,39.4
2026-09-27T19:32:28+09:00,BOUNTY,KRW-BOUNTY,,20.1,-0.49504950000000003,262646901.8353999,1790504648398,False,False,,214269109.43335652,160304521.96869004,93487629.62447628,314225027.1343003,184870062.77327284,1.3366379613121993,1.1316688163202315,1.0752847313333465,3,4.663212435233155,6.8783068783068835,중립,,,,,,,,,,,,,,NO_DATA,,0.0,,39.3,관찰,39.3
2026-09-27T19:32:28+09:00,QUID,KRW-QUID,,98.6,-0.10131712000000001,3058515837.600832,1790505139890,False,False,,3557051525.6104727,1950152431.75513,1849882511.7334845,7600800215.63554,991577239.7710391,1.8239864062365316,0.9359976201648027,1.2793972097452655,3,3.459119496855334,9.18141592920354,중립,,,,,,,,,,,,,,NO_DATA,,0.0,,39.2,관찰,39.2
2026-09-27T19:32:28+09:00,BORA,KRW-BORA,,39.6,-0.25188917,361359641.06653124,1790505144095,False,False,,721981630.8988461,500004948.32935196,358469586.4965401,1252435872.5863886,1065857876.6219172,1.4439489715275353,1.0260714453304172,0.19619061792166526,3,5.026455026455046,2.0565552699228995,중립,,,,,,,,,,,,,,NO_DATA,,0.0,,39.0,관찰,39.0
2026-09-27T19:32:28+09:00,WLFI,KRW-WLFI,,79.1,-0.75282309,5625408750.908524,1790505147345,False,False,,5502014510.796696,1831309784.0394216,2631666888.2063565,4786155788.871419,4536400859.162914,3.0044149595818777,1.7846045131022301,1.4479657919516593,2,6.979865771812088,2.5740025740025763,고수준 유지형,,,,,,,,,,,,,,NO_DATA,,0.0,,38.5,관찰,38.5
2026-09-27T19:32:28+09:00,AI,KRW-AI,,29.2,-0.34129693,668434269.1220571,1790505103900,False,False,,636133196.8618762,586004411.7189287,530954130.03510886,856018693.2078984,453562049.5264,1.085543357934635,0.9672689358843245,1.0247888212538834,3,6.545454545454543,1.736111111111116,중립,,,,,,,,,,,,,,NO_DATA,,0.0,,38.5,관찰,38.5
2026-09-27T19:32:28+09:00,MLK,KRW-MLK,,62.2,0.32258065,378880783.9102631,1790505088689,False,False,,344391630.55574757,290523472.05161804,253517901.9892675,554763115.3993033,546314810.7708379,1.1854175778766634,0.9402718150465669,0.30178837490188504,3,4.553119730185506,4.3771043771043905,중립,,,,,,,,,,,,,,NO_DATA,,0.0,,38.2,관찰,38.2
2026-09-27T19:32:28+09:00,DOT,KRW-DOT,,1703.0,0.82889284,2710465597.3674374,1790505131830,False,False,,3759517640.3333883,2988179751.944406,2591438912.4337125,4454398719.391595,2313008767.786826,1.258129681752603,1.1240316305653926,1.2893495652163165,3,11.70634920634921,3.429271279853041,중립,,,,,,,,,,,,,,NO_DATA,,0.0,,37.9,관찰,37.9
2026-09-27T19:32:28+09:00,FLUID,KRW-FLUID,,2012.0,3.07377049,269474873.7777397,1790505024547,False,False,,274944161.92958355,273941140.80621785,124217697.37550235,333588349.1137448,285572415.8616066,1.0036614475664873,1.1272096430426042,1.1234939932395496,3,4.664879356568363,3.774587985114297,중립,,,,,,,,,,,,,,NO_DATA,,0.0,,37.7,관찰,37.7
2026-09-27T19:32:28+09:00,TAO,KRW-TAO,,452800.0,3.52080476,6794451839.433965,1790505095843,False,False,,6108682892.241184,5240401253.689657,4071613239.594975,7212508003.220612,8198491920.154779,1.165689915049957,1.1090213759943328,0.9000221157096239,3,10.678137651821862,1.2499999999999956,중립,,,,,,,,,,,,,,NO_DATA,,0.0,,35.0,관찰,35.0
2026-09-27T19:32:28+09:00,ELSA,KRW-ELSA,,80.2,0.25,1378399232.5668554,1790505129565,False,True,거래량급등,2422830825.4513936,531986137.5683196,643727038.1422617,605405122.6466119,715698244.6031375,4.5543119535520695,4.080858909292125,3.7457791298903516,2,4.575163398692816,5.54089709762533,일회성 폭증형,,,,,,,,,,,,,,NO_DATA,,0.0,,34.0,관찰,34.0
2026-09-27T19:32:28+09:00,PROVE,KRW-PROVE,,326.0,-1.51057402,734987923.7241373,1790504980072,False,False,,1392396108.7870903,398791095.8248659,748567903.4606488,2003050654.7005785,5192513479.20477,3.4915426231045505,1.3259190978785993,0.19551626880185355,2,4.416403785488954,1.846153846153853,중립,,,,,,,,,,,,,,NO_DATA,,0.0,,33.7,관찰,33.7
2026-09-27T19:32:28+09:00,TOKAMAK,KRW-TOKAMAK,,528.0,-0.9380862999999999,431709126.3629319,1790505139569,False,True,거래량급등,2982323009.404212,194135864.6856406,209145573.5551036,392672787.112917,272309390.31445974,15.362040467037936,11.240557237116604,9.803946618851151,2,5.753968253968256,8.113590263691695,일회성 폭증형,,,,,,,,,,,,,,NO_DATA,,0.0,,33.2,관찰,33.2
2026-09-27T19:32:28+09:00,JPYC,KRW-JPYC,,8.58,-0.11641444,1154167677.6858366,1790505062870,False,False,,1250263158.2683022,1209124386.3152997,1668314310.229142,2957296186.876625,2889032984.270048,1.034023606188582,0.6428380294471434,0.46904273881369357,2,-0.578703703703709,-0.34802784222737193,중립,,,,,,,,,,,,,,NO_DATA,,0.0,,33.0,관찰,33.0
2026-09-27T19:32:28+09:00,USDC,KRW-USDC,,1359.0,-0.14695076999999998,1069924395.0641723,1790505091920,False,False,,1200605612.706693,972971952.0326549,1303531410.828122,2462911451.9630013,2065159335.885374,1.2339570634060768,0.7599707936208581,0.6680674353162015,2,-0.8017492711370311,0.6656804733727872,중립,,,,,,,,,,,,,,NO_DATA,,0.0,,32.9,관찰,32.9
2026-09-27T19:32:28+09:00,FLOCK,KRW-FLOCK,,97.5,-1.51515152,7432311196.872691,1790505144110,False,False,,11641525936.892641,11614627205.163279,28876594592.805668,17715554280.63883,32698126105.836792,1.0023159358672662,0.6000087990359158,0.5298220721319042,2,1.0204081632652962,-0.30211480362537513,중립,,,,,,,,,,,,,,NO_DATA,,0.0,,32.6,관찰,32.6
2026-09-27T19:32:28+09:00,NCT,KRW-NCT,,14.5,-0.6849315100000001,397377844.6258237,1790505052910,False,False,,465134700.00733536,314112406.86464876,373800609.8509307,565667304.705099,380562341.2664815,1.4807906018426142,1.1131349752208932,0.8765742608043328,2,2.8169014084507005,2.0979020979020824,중립,,,,,,,,,,,,,,NO_DATA,,0.0,,32.5,관찰,32.5
2026-09-27T19:32:28+09:00,FCT2,KRW-FCT2,,13.0,0.0,237920940.26628938,1790504760447,False,False,,205599583.94292477,138354121.38492206,203811181.51823166,225194179.05446297,311980741.5063869,1.4860387380215128,1.0871392326088787,0.6190279348587936,2,2.3622047244094446,1.5625,중립,,,,,,,,,,,,,,NO_DATA,,0.0,,32.5,관찰,32.5
2026-09-27T19:32:28+09:00,INJ,KRW-INJ,,10670.0,0.8506616300000001,1285329788.1830988,1790505128259,False,False,,1413060366.293055,1204157289.1378722,3299221219.841468,2699436780.3268714,2194718772.0830345,1.1734848753062392,0.5885450242175363,0.6960315209101311,2,-1.121495327102806,-2.846648301193755,중립,,,,,,,,,,,,,,NO_DATA,,0.0,,32.3,관찰,32.3
2026-09-27T19:32:28+09:00,HUNT,KRW-HUNT,,142.0,0.0,184281277.99476752,1790504782672,False,False,,451084632.30524045,223800197.50289848,375851535.13567114,714973402.3237224,183915934.99390942,2.015568517536265,1.0293838607874612,1.0955739239051236,2,2.158273381294973,3.649635036496357,중립,,,,,,,,,,,,,,NO_DATA,,0.0,,32.2,관찰,32.2
2026-09-27T19:32:28+09:00,IO,KRW-IO,,234.0,2.18340611,275343998.08893925,1790505011776,False,False,,294453668.74039084,263662915.3313798,189923379.67554346,519390994.63632125,233528435.09898123,1.1167807515528387,0.9078947840037139,0.8242328852128572,3,13.366336633663355,11.165048543689316,중립,,,,,,,,,,,,,,NO_DATA,,0.0,,32.1,관찰,32.1
2026-09-27T19:32:28+09:00,CP,KRW-CP,,18.0,-1.0989011,2367676244.0523367,1790505131504,False,False,,3243233227.9681396,2451448370.5874968,2763263527.8686366,4883607939.08363,3876319028.6522155,1.322986552309437,0.9634968826927995,0.9479581529574891,2,2.824858757062154,-1.0869565217391242,중립,,,,,,,,,,,,,,NO_DATA,,0.0,,32.0,관찰,32.0
2026-09-27T19:32:28+09:00,MEGA,KRW-MEGA,,61.3,0.49180328000000006,796455068.2483654,1790505089656,False,False,,680991238.7441318,581382344.569024,730792229.8956327,1384555697.1908326,1225320090.0734363,1.1713311302030465,0.7575743624438342,0.5759226428918868,2,1.6666666666666607,-0.4893964110929794,중립,,,,,,,,,,,,,,NO_DATA,,0.0,,32.0,관찰,32.0
2026-09-27T19:32:28+09:00,BLEND,KRW-BLEND,,94.8,0.42372881,791507596.6878709,1790504911287,False,False,,496851075.13511527,444289202.3914961,515476211.5431836,933411207.7961878,570056370.3312528,1.118305537160687,0.7873291949076485,0.7947586838796113,2,0.10604453870626251,3.3953997809419656,중립,,,,,,,,,,,,,,NO_DATA,,0.0,,31.9,관찰,31.9
2026-09-27T19:32:28+09:00,MNT,KRW-MNT,,939.0,-0.73995772,554160390.2676628,1790505061851,False,False,,852527066.4546248,532304333.0492524,732090609.2035265,909645682.1683378,798286666.9893589,1.6015782955795388,1.1764183109710211,1.1884542266082876,2,5.58035714285714,7.622298065984068,중립,,,,,,,,,,,,,,NO_DATA,,0.0,,31.7,관찰,31.7
2026-09-27T19:32:28+09:00,CBK,KRW-CBK,,301.0,-3.21543408,2695168754.884529,1790505146384,False,True,거래량급등,11160507175.796453,214565846.56875736,295594897.2345304,339719024.96521544,242530643.52162832,52.01436926831728,39.39559777485339,33.75360276534028,2,9.507042253521124,9.893992932862194,일회성 폭증형,,,,,,,,,,,,,,NO_DATA,,0.0,,31.5,관찰,31.5
2026-09-27T19:32:28+09:00,SPX,KRW-SPX,,617.0,-0.64412238,640356338.8102505,1790505121723,False,False,,699051316.2309495,636904174.199095,902396799.4358153,1585496530.6417246,766054754.5393494,1.097576911173497,0.6711327520655846,0.7351391493668266,2,4.545454545454541,-9.738372093023251,중립,,,,,,,,,,,,,,NO_DATA,,0.0,,31.4,관찰,31.4
2026-09-27T19:32:28+09:00,GEOD,KRW-GEOD,,360.0,0.27855153,3245318052.45853,1790504990763,False,False,,1220507833.774974,637106243.2519096,1092495234.6777556,2025961421.1696436,1268338528.7326832,1.915705342244448,0.9749599726323476,0.7931750932256695,2,2.279202279202286,3.458213256484144,중립,,,,,,,,,,,,,,NO_DATA,,0.0,,31.2,관찰,31.2
2026-09-27T19:32:28+09:00,BTT,KRW-BTT,,0.000503,0.8016032100000001,1075686336.6942823,1790505101315,False,False,,975497707.2225146,652159722.7495574,1509297891.038131,10991623469.202335,29257795231.74678,1.4957956972714268,0.22249487425818248,0.1131854036014479,2,-0.5976095617529764,5.720338983050843,중립,,,,,,,,,,,,,,NO_DATA,,0.0,,31.1,관찰,31.1
2026-09-27T19:32:28+09:00,TOSHI,KRW-TOSHI,,0.177,-0.56179775,390209858.39682645,1790505055672,False,False,,401168339.80022264,375750547.4203052,551199581.3500766,1038933313.9414418,2900016184.766952,1.067645390151583,0.6121955113170401,0.3511351881495062,2,3.488372093023262,2.8901734104046284,중립,,,,,,,,,,,,,,NO_DATA,,0.0,,31.1,관찰,31.1
2026-09-27T19:32:28+09:00,WCT,KRW-WCT,,59.7,-0.6655574,629493454.2881191,1790505148328,False,False,,672667242.9781916,437472528.51433104,451220702.5853356,818351594.4625832,1148587490.5609832,1.5376216770972762,1.1821609478063384,0.725463777826728,2,6.939501779359425,5.069930069930062,중립,,,,,,,,,,,,,,NO_DATA,,0.0,,30.9,관찰,30.9
2026-09-27T19:32:28+09:00,TREE,KRW-TREE,,66.9,-0.29806259,1778943655.309087,1790505055651,False,False,,1822910803.6530046,1736925099.6178071,2060314882.9458199,4143205677.2998075,7704238971.842984,1.0495045549483497,0.6887185738958975,0.5146687286085535,2,1.0542168674698704,9.283387622149842,중립,,,,,,,,,,,,,,NO_DATA,,0.0,,30.6,관찰,30.6
2026-09-27T19:32:28+09:00,VET,KRW-VET,,12.7,-0.78125,886434851.4838611,1790505112323,False,False,,1110578197.936596,863791921.013069,1208455392.947247,3071323794.0764594,1270281345.7985125,1.2857010709640488,0.6477473575905245,0.6294715998177042,2,5.785123966942152,1.5873015873016039,중립,,,,,,,,,,,,,,NO_DATA,,0.0,,30.6,관찰,30.6
2026-09-27T19:32:28+09:00,VANA,KRW-VANA,,1575.0,0.25461489000000004,482987600.04843557,1790505074429,False,False,,520481662.09814745,410509430.81426674,515170172.2216138,784802475.1400633,742608913.0230439,1.267892094624343,0.9128683698104371,0.6444106946464642,2,4.873164218958603,2.746893394375416,중립,,,,,,,,,,,,,,NO_DATA,,0.0,,30.5,관찰,30.5
2026-09-27T19:32:28+09:00,TRUST,KRW-TRUST,,90.4,9.17874396,16279580427.531706,1790505148328,False,False,,1005002350.3405551,525975307.1376437,665071344.8213401,721275844.0710351,2044661936.336637,1.9107405551218275,1.5766206051964662,1.0823331322673175,2,0.4854368932038833,1.4705882352941124,고수준 유지형,,,,,,,,,,,,,,NO_DATA,,0.0,,30.2,관찰,30.2
2026-09-27T19:32:28+09:00,ZKC,KRW-ZKC,,60.7,0.0,2949002567.7192764,1790505145076,False,False,,3455438784.1736565,1580692279.7088804,4305029227.44298,3322372054.9508696,3653768605.0322175,2.186028760012703,1.1257831257476658,1.1279116369169553,2,8.007117437722421,7.243816254416968,중립,,,,,,,,,,,,,,NO_DATA,,0.0,,30.2,관찰,30.2
2026-09-27T19:32:28+09:00,DOS,KRW-DOS,,312.0,-1.26582278,1775580548.8150768,1790504887369,False,False,,1730808432.9591353,1291286134.9064682,2347559901.2211156,3909547061.2758193,1928947704.913857,1.3403756039589965,0.6878848560051232,0.7603844859940595,2,4.290429042904287,6.040268456375841,중립,,,,,,,,,,,,,,NO_DATA,,0.0,,30.2,관찰,30.2
2026-09-27T19:32:28+09:00,ANIME,KRW-ANIME,,4.77,0.63291139,1186351638.6810217,1790504881426,False,False,,493091298.7290356,390908613.1037221,667551791.5967109,1163195125.3474052,1428392841.229193,1.2613978873834657,0.6658430509050403,0.48216710163311194,2,4.175824175824183,3.947368421052655,중립,,,,,,,,,,,,,,NO_DATA,,0.0,,30.2,관찰,30.2
2026-09-27T19:32:28+09:00,CRV,KRW-CRV,,477.0,0.8456659599999999,698220271.4239944,1790504642874,False,False,,616903610.9507459,259539870.064275,847104212.1523826,759612922.4042169,619772540.3167683,2.376912690901671,0.991669865548987,0.9639417248657295,2,6.0538116591928315,-5.020080321285136,중립,,,,,,,,,,,,,,NO_DATA,,0.0,,30.2,관찰,30.2
2026-09-27T19:32:28+09:00,POKT,KRW-POKT,,12.6,-0.7874015700000001,491135169.83819073,1790505055318,False,False,,530477166.2463315,389865355.95711,437220023.1756466,930469888.0438541,528357085.95992863,1.3606676206046135,0.9054802022217586,0.6988962862520132,2,4.958677685950419,4.958677685950419,중립,,,,,,,,,,,,,,NO_DATA,,0.0,,30.2,관찰,30.2
2026-09-27T19:32:28+09:00,TRUMP,KRW-TRUMP,,2905.0,0.8680555600000001,24284371257.63073,1790505147027,False,False,,27361577859.25581,27165574975.272278,35829199609.617615,56764668225.943756,37606036148.99317,1.007215120024588,0.685413455934532,0.7224361483036335,2,6.548279689234193,-2.669820885434271,중립,,,,,,,,,,,,,,NO_DATA,,0.0,,30.0,관찰,30.0
2026-09-27T19:32:28+09:00,SLX,KRW-SLX,,97.3,2.09863589,6680900615.527959,1790505127268,False,False,,4607809296.074293,3562415701.9781637,4986684453.448385,19107787809.89808,3643639473.736753,1.2934507596953482,0.49981863127746967,0.6859272944496294,2,-5.643564356435649,5.888888888888877,중립,,,,,,,,,,,,,,NO_DATA,,0.0,,30.0,관찰,30.0
2026-09-27T19:32:28+09:00,LPT,KRW-LPT,,2403.0,1.43520473,1055196118.7454767,1790504714889,False,False,,479214082.84828466,329803739.3906603,584352637.4498216,2199737303.010241,552491485.3387672,1.453028045508739,0.46168636323311246,0.3274308838501635,2,5.242114615726345,1.0234541577825107,중립,,,,,,,,,,,,,,NO_DATA,,0.0,,29.8,관찰,29.8
2026-09-27T19:32:28+09:00,MOCA,KRW-MOCA,,14.5,2.11267606,450814423.62582797,1790505034985,False,False,,191501365.7372173,166581706.18616933,194407096.8372007,494665611.5166454,273319058.73617876,1.1495942148845453,0.6714207131397728,0.4782499875456006,2,3.649635036496357,1.4285714285714235,중립,,,,,,,,,,,,,,NO_DATA,,0.0,,29.7,관찰,29.7
2026-09-27T19:32:28+09:00,SYRUP,KRW-SYRUP,,301.0,0.33333333,1077764338.9504974,1790505131833,False,False,,1087305985.161243,922174180.9328914,1867891821.5083742,1902703161.5017471,1340658259.7620935,1.1790679110765179,0.6950944829220969,0.7633769432752814,2,9.090909090909083,-4.153354632587858,중립,,,,,,,,,,,,,,NO_DATA,,0.0,,29.6,관찰,29.6
2026-09-27T19:32:28+09:00,PENDLE,KRW-PENDLE,,3570.0,2.0583190399999998,908749255.1419944,1790505148979,False,False,,846850447.0221015,840140410.6259723,1281369647.4021833,2115688278.1443222,1811945550.5843487,1.0079868035286266,0.5995828232485386,0.5610820825125424,2,3.2772364924712027,2.701115678214916,중립,,,,,,,,,,,,,,NO_DATA,,0.0,,29.6,관찰,29.6
2026-09-27T19:32:28+09:00,SAHARA,KRW-SAHARA,,13.5,0.74626866,4292494281.6585493,1790505150616,False,False,,4091737000.1330953,3586700200.756401,5670755424.691838,6411877449.244839,5595862604.193922,1.1408082000469921,0.7833907762305784,0.798141358070574,2,4.6875,5.51181102362206,중립,,,,,,,,,,,,,,NO_DATA,,0.0,,29.5,관찰,29.5
2026-09-27T19:32:28+09:00,MMT,KRW-MMT,,240.0,2.56410256,1665831565.0475605,1790505066337,False,False,,591563442.2212769,533076983.26801175,820621231.7090731,1300878533.890594,870445235.0457644,1.1097148456771022,0.6685398444105384,0.6297863122193915,2,1.7391304347825987,4.0000000000000036,중립,,,,,,,,,,,,,,NO_DATA,,0.0,,29.5,관찰,29.5
2026-09-27T19:32:28+09:00,EUL,KRW-EUL,,2018.0,-2.51207729,1907539801.4712145,1790505136643,False,False,,2036415440.3273146,894530364.2578365,1943014679.1289468,12026810982.079859,1914192107.09643,2.2765190782728366,0.4109997305308861,0.5661207647356026,2,6.099436186570983,6.811145510835903,중립,,,,,,,,,,,,,,NO_DATA,,0.0,,29.4,관찰,29.4
2026-09-27T19:32:28+09:00,PRL,KRW-PRL,,168.0,0.5988024,2116283550.1417866,1790505138605,False,False,,1606130806.212406,1197459194.4558792,1726664075.631089,2575765115.471831,1699254758.4016843,1.3412822864016052,0.8760891277883015,0.9098156754387435,2,6.369426751592355,4.374999999999996,중립,,,,,,,,,,,,,,NO_DATA,,0.0,,29.3,관찰,29.3
2026-09-27T19:32:28+09:00,AGLD,KRW-AGLD,,299.0,-1.64473684,363710093.1953709,1790504446675,False,False,,391886313.2874657,363038766.0179357,472344061.63764673,539389090.5506123,902989025.4194108,1.0794613412389817,0.855166536567316,0.578139063172483,2,5.555555555555558,9.35251798561152,중립,,,,,,,,,,,,,,NO_DATA,,0.0,,29.0,관찰,29.0
2026-09-27T19:32:28+09:00,PIEVERSE,KRW-PIEVERSE,,2196.0,5.17241379,1614881101.5898235,1790505078285,False,False,,816502260.2305021,771434779.5047857,1021020419.8879246,1307374121.4384334,2352988673.048582,1.0584203382101167,0.790206984697703,0.185678128604057,2,-9.999999999999998,-16.41313050440353,중립,,,,,,,,,,,,,,NO_DATA,,0.0,,28.9,관찰,28.9
2026-09-27T19:32:28+09:00,NEO,KRW-NEO,,3648.0,0.44052863000000003,541122239.8218585,1790504841195,False,False,,960346995.8905385,797935834.793989,883157518.4904234,1495313727.8878937,1107958656.3734434,1.2035391243438525,0.9070125188766168,0.913702099422736,2,6.510263929618776,6.823529411764695,중립,,,,,,,,,,,,,,NO_DATA,,0.0,,28.9,관찰,28.9
2026-09-27T19:32:28+09:00,T,KRW-T,,7.96,2.57731959,10246367296.13564,1790505143130,False,False,,5415883989.6512375,2105069605.701688,3262242952.0365148,9992842013.607557,2310030619.6691613,2.5727814296411102,1.0577791970442518,1.182150357958318,2,3.743315508021383,9.915014164305958,중립,,,,,,,,,,,,,,NO_DATA,,0.0,,28.8,관찰,28.8
2026-09-27T19:32:28+09:00,RE,KRW-RE,,671.0,0.44910180000000005,3057053137.9156365,1790505141511,False,False,,2867501867.24106,2027687767.8427677,2551831665.5209427,4504310120.534931,2092317119.2125452,1.414173282848059,0.9470131017629139,1.0908552041110955,2,8.972267536704726,5.1968503937007915,중립,,,,,,,,,,,,,,NO_DATA,,0.0,,28.8,관찰,28.8
2026-09-27T19:32:28+09:00,API3,KRW-API3,,385.0,0.7853403099999999,506116799.4337709,1790505099690,False,False,,709501841.3636439,652410981.0954163,918922735.4122962,9867817848.81384,691226718.2284254,1.0875075097178322,0.18607197500063016,0.2795924431913684,2,5.524861878453047,7.605633802816891,중립,,,,,,,,,,,,,,NO_DATA,,0.0,,28.8,관찰,28.8
2026-09-27T19:32:28+09:00,XCN,KRW-XCN,,7.09,0.9971509999999999,4694611412.450589,1790505126614,False,False,,1035243575.9021567,616167530.56629,3041938854.4936404,3471930526.9087267,523575838.31889087,1.6801332828276654,0.43558410230571365,0.6022607580476607,2,-2.904564315352709,16.417910447761173,중립,,,,,,,,,,,,,,NO_DATA,,0.0,,28.6,관찰,28.6
2026-09-27T19:32:28+09:00,KAITO,KRW-KAITO,,493.0,0.6122449,1749936345.9239504,1790505141504,False,False,,2665275256.7620263,1676299452.973401,2705624146.60792,4909042866.376387,2313855096.108805,1.5899756168472114,0.8606021558233956,0.964564970581987,2,9.131403118040083,3.813559322033888,중립,,,,,,,,,,,,,,NO_DATA,,0.0,,28.5,관찰,28.5
2026-09-27T19:32:28+09:00,POWR,KRW-POWR,,95.6,-2.14943705,862450425.8702475,1790505144099,False,False,,1639108515.52632,889592822.0878876,1285140919.4390612,10935424031.639046,683905376.3859506,1.8425379283966206,0.3750775262707969,0.5521170516510342,2,4.603854389721618,13.736903376018628,중립,,,,,,,,,,,,,,NO_DATA,,0.0,,28.4,관찰,28.4
2026-09-27T19:32:28+09:00,BREV,KRW-BREV,,125.0,0.0,292470311.6223565,1790504596406,False,False,,291500795.6545754,238577412.48295832,424146050.858519,899154086.7775248,3915134182.15773,1.2218289762673884,0.5599045756801463,0.24161201778082775,2,7.758620689655182,8.695652173913038,중립,,,,,,,,,,,,,,NO_DATA,,0.0,,28.4,관찰,28.4
2026-09-27T19:32:28+09:00,SAFE,KRW-SAFE,,156.0,-1.26582278,274564445.60712355,1790504733527,False,False,,293923422.0594258,228781778.53233784,642112008.6655991,394477936.05983543,501917251.8879182,1.2847326563547992,0.696846823720787,0.48405090613871204,2,8.965517241379306,7.48299319727892,중립,,,,,,,,,,,,,,NO_DATA,,0.0,,28.2,관찰,28.2
2026-09-27T19:32:28+09:00,0G,KRW-0G,,358.0,0.0,3735682896.1094017,1790505141502,False,False,,4988616669.185425,2769289982.2243867,4918818100.313952,13441554283.758232,5135368829.580481,1.80140638979902,0.7082862824835267,0.8318658719955307,2,6.231454005934722,12.933753943217674,중립,,,,,,,,,,,,,,NO_DATA,,0.0,,28.0,관찰,28.0
2026-09-27T19:32:28+09:00,ALT,KRW-ALT,,11.0,-0.9009009,124905996.87983346,1790504849781,False,False,,184067916.77096668,151369530.6561429,203614084.65303737,690332237.8898102,409011569.3741785,1.216016961756344,0.5282649723746038,0.42281553387410425,2,9.90099009900991,8.823529411764719,중립,,,,,,,,,,,,,,NO_DATA,,0.0,,27.6,관찰,27.6
2026-09-27T19:32:28+09:00,BARD,KRW-BARD,,204.0,0.99009901,603505841.7602522,1790505141514,False,False,,634597802.23686,593484930.9725345,829416272.3279619,1272499316.985045,1061732422.0339231,1.0692736565306797,0.7063118792115165,0.6753122212294751,2,7.446808510638303,9.782608695652172,중립,,,,,,,,,,,,,,NO_DATA,,0.0,,27.4,관찰,27.4
2026-09-27T19:32:28+09:00,MTL,KRW-MTL,,465.0,-1.27388535,551991464.1265963,1790505139250,False,False,,1062766943.3135656,954927968.0164298,1520091374.1976013,1013703917.0019915,3192336101.885564,1.1129289107754778,0.9138875723427728,0.6890254365440881,2,9.027777777777768,11.61137440758293,중립,,,,,,,,,,,,,,NO_DATA,,0.0,,27.3,관찰,27.3
2026-09-27T19:32:28+09:00,ATH,KRW-ATH,,8.66,-0.23041475,1172277525.5007393,1790505142810,False,False,,1837788426.3344338,1420991113.4247174,2186292856.8161902,12795420198.684797,1174205146.0481954,1.293314510535676,0.3361253865352373,0.4689559224800827,2,7.558859975216836,14.361001317523048,중립,,,,,,,,,,,,,,NO_DATA,,0.0,,27.2,관찰,27.2
2026-09-27T19:32:28+09:00,SKY,KRW-SKY,,105.0,-0.94339623,432767835.19466794,1790505072148,False,False,,569418022.7821141,468139735.9796117,542916176.2963797,1103636241.5894055,267425575.24606377,1.2163420000880107,0.807802717394995,1.0281767303917295,2,10.301768990634752,11.227701993704088,중립,,,,,,,,,,,,,,NO_DATA,,0.0,,27.1,관찰,27.1
2026-09-27T19:32:28+09:00,LAYER,KRW-LAYER,,115.0,3.6036036,1054466032.8073668,1790505081207,False,False,,1026309590.0710856,670782290.8856579,672995809.8412343,1444919044.3070695,765271334.4093354,1.5300189107795499,1.1040742719933327,0.9664563820343975,2,7.7669902912621325,5.714285714285716,중립,,,,,,,,,,,,,,NO_DATA,,0.0,,27.0,관찰,27.0
2026-09-27T19:32:28+09:00,COW,KRW-COW,,221.0,5.23809524,17880401797.031548,1790505132467,False,False,,336694762.9016514,307617798.7079198,396618244.6530735,416311128.8220103,232502692.1942505,1.09452302277652,0.9014205861027251,1.0257589878678437,2,8.247422680412363,-2.3255813953488413,중립,,,,,,,,,,,,,,NO_DATA,,0.0,,26.1,관찰,26.1
2026-09-27T19:32:28+09:00,VTHO,KRW-VTHO,,1.06,-2.75229358,2858403421.367112,1790504958585,False,False,,4298064701.475723,4149435438.5427394,12691708850.139778,8107500175.069359,5827670285.000215,1.0358191530231837,0.5168294463116531,0.6358122865690056,2,11.794871794871797,15.957446808510657,중립,,,,,,,,,,,,,,NO_DATA,,0.0,,25.4,관찰,25.4
2026-09-27T19:32:28+09:00,IMX,KRW-IMX,,228.0,0.88495575,529775911.0560145,1790504649419,False,False,,734383159.4712043,695058425.5296264,1420214291.307391,595886747.0028359,631511117.748116,1.0565775947707028,0.812622609550698,0.774535431305402,2,12.99999999999999,10.784313725490202,중립,,,,,,,,,,,,,,NO_DATA,,0.0,,25.4,관찰,25.4
2026-09-27T19:32:28+09:00,ZAMA,KRW-ZAMA,,117.0,-5.645161290000001,3586550561.8915772,1790505011792,False,False,,2571693775.362149,2705082600.4775496,2750667903.114675,4429447156.746226,10603773283.39481,0.950689555619539,0.7804680888720131,0.28608083288183145,1,-1.5873015873015928,-3.875968992248058,중립,,,,,,,,,,,,,,NO_DATA,,0.0,,25.0,관찰,25.0
2026-09-27T19:32:28+09:00,IOST,KRW-IOST,,1.38,0.7299270099999999,2908267693.309343,1790505114571,False,False,,1967976181.589408,1804204618.5581985,2517950308.568976,5258975556.2138605,3636022403.644857,1.0907721670516979,0.6162037512205414,0.5509967744890569,2,12.295081967213118,14.166666666666682,중립,,,,,,,,,,,,,,NO_DATA,,0.0,,25.0,관찰,25.0
2026-09-27T19:32:28+09:00,SKR,KRW-SKR,,25.9,-3.7174721199999996,853800725.2689852,1790505143454,False,False,,797704642.9124533,843480404.2992849,868533605.7360632,2969525965.1889606,11542752996.679033,0.9457299053380386,0.5111809236708904,0.18697538232513145,1,-4.6099290780141855,-6.597222222222232,중립,,,,,,,,,,,,,,NO_DATA,,0.0,,25.0,관찰,25.0
2026-09-27T19:32:28+09:00,PEPE,KRW-PEPE,,0.00598,0.50420168,4454027257.789361,1790504999195,False,False,,3898243059.6748586,4655450252.4479,4828118137.286753,8877552221.897602,31341110292.91143,0.8373503846647504,0.636928944936817,0.2513084872517552,1,0.0,-7.751937984496116,중립,,,,,,,,,,,,,,NO_DATA,,0.0,,24.6,관찰,24.6
2026-09-27T19:32:28+09:00,IN,KRW-IN,,56.8,6.76691729,23649571368.54943,1790505148978,False,False,,2474954558.2258844,911806275.5038447,1465270296.4348595,3770871642.2945056,15308473023.805813,2.7143425360373588,1.207697823070181,0.5452939676479234,2,7.692307692307709,11.297071129707126,중립,,,,,,,,,,,,,,NO_DATA,,0.0,,24.1,관찰,24.1
2026-09-27T19:32:28+09:00,HBAR,KRW-HBAR,,128.0,0.0,8280025576.88948,1790505148320,False,False,,8031553194.968876,10266904064.419823,7837796522.098043,14375027606.343346,17750182229.6132,0.7822760536744856,0.7418368602666583,0.5580467929108797,1,2.400000000000002,0.7874015748031482,중립,,,,,,,,,,,,,,NO_DATA,,0.0,,24.0,관찰,24.0
2026-09-27T19:32:28+09:00,LA,KRW-LA,,101.0,-0.98039216,2702599449.8763537,1790505075711,False,False,,2722968081.139513,3471991488.9506016,4287843837.590035,7956574494.688955,4630406642.115474,0.7842669228323833,0.5197691035254154,0.5019191063636202,1,3.238866396761142,-0.9708737864077666,중립,,,,,,,,,,,,,,NO_DATA,,0.0,,23.9,관찰,23.9
2026-09-27T19:32:28+09:00,XEC,KRW-XEC,,0.0121,0.0,806503945.6415129,1790505078622,False,False,,726006029.491558,917789131.0954138,1804505048.3327699,9529571487.652,13884876390.773117,0.7910379464017449,0.17777032067261722,0.1289059657401784,1,0.0,5.217391304347818,중립,,,,,,,,,,,,,,NO_DATA,,0.0,,23.9,관찰,23.9
2026-09-27T19:32:28+09:00,ONG,KRW-ONG,,130.0,-2.2556391,2329424242.654463,1790505111365,False,False,,5347414116.075403,6209993635.70062,2762881478.364678,3721267476.097185,3682986318.3517327,0.8610981636653644,1.2637515479508152,1.257764195813711,1,9.016393442622949,6.400000000000006,중립,,,,,,,,,,,,,,NO_DATA,,0.0,,23.8,관찰,23.8
2026-09-27T19:32:28+09:00,ARDR,KRW-ARDR,,42.9,-1.83066362,1236524157.4995124,1790505017794,False,False,,1498862910.8178852,1771026807.208894,1046520920.4602914,777376998.9750688,591853689.1637864,0.8463242367178314,1.2508158235210325,1.5405165911389527,1,10.075566750629728,11.764705882352944,중립,,,,,,,,,,,,,,NO_DATA,,0.0,,23.6,관찰,23.6
2026-09-27T19:32:28+09:00,DRV,KRW-DRV,,569.0,0.88652482,19737023772.880608,1790505124316,False,False,,7341146050.198865,7846768030.728816,20079111650.90578,61977989364.305725,29424290827.87502,0.9355630268984786,0.2449665224011967,0.27719578730197075,1,-16.196136701337295,4.0590405904058935,중립,,,,,,,,,,,,,,NO_DATA,,0.0,,23.4,관찰,23.4
2026-09-27T19:32:28+09:00,ORBS,KRW-ORBS,,10.1,-0.98039216,122870589.19939868,1790504926895,False,False,,177096651.04039443,204319278.92087072,310613852.3240799,460617911.8109733,1162541242.1165261,0.8667642719558581,0.5446049767492553,0.3339381251554274,1,0.990099009900991,5.8091286307053736,중립,,,,,,,,,,,,,,NO_DATA,,0.0,,23.4,관찰,23.4
2026-09-27T19:32:28+09:00,ELF,KRW-ELF,,105.0,1.94174757,1144089648.08625,1790505030833,False,False,,207462018.09065077,248771073.66511115,371333818.55757296,510951601.3169092,316554082.8908878,0.8339475126032156,0.5502696442016097,0.5792225905851035,1,0.0,0.9803921568627416,중립,,,,,,,,,,,,,,NO_DATA,,0.0,,23.2,관찰,23.2
2026-09-27T19:32:28+09:00,ZORA,KRW-ZORA,,12.1,0.0,1178255122.635854,1790505004139,False,False,,1317407655.3298965,1466478020.6642866,1878670248.1246493,3255992507.7118173,2744705594.16971,0.8983480398384258,0.5987181761157278,0.5983733174529751,1,1.680672268907557,6.140350877192979,중립,,,,,,,,,,,,,,NO_DATA,,0.0,,23.1,관찰,23.1
2026-09-27T19:32:28+09:00,1INCH,KRW-1INCH,,141.0,0.7142857100000001,267966976.5557696,1790505133437,False,False,,306865123.6683576,325141851.0759618,418180490.8950451,513773228.5490787,348475685.6499942,0.9437884500345842,0.7323193181121497,0.7436230134492562,1,3.703703703703698,0.0,중립,,,,,,,,,,,,,,NO_DATA,,0.0,,23.1,관찰,23.1
2026-09-27T19:32:28+09:00,BSB,KRW-BSB,,148.0,-1.3333333299999999,361130594.3730203,1790504908702,False,False,,373641532.7804729,394155605.7648663,336563707.6749792,589957087.1526254,376302059.26880765,0.9479543797313614,0.8487503811217939,0.8184347956103245,1,2.7397260273972712,4.895104895104896,중립,,,,,,,,,,,,,,NO_DATA,,0.0,,23.0,관찰,23.0
2026-09-27T19:32:28+09:00,HOME,KRW-HOME,,8.67,-0.5733945,1101331791.3357475,1790505098424,False,False,,2251639081.4195375,2917834491.75198,4086170245.3798304,1935064489.7062762,3078174757.432788,0.7716815630853575,0.7556622588823995,0.6008273656827607,1,6.082725060827254,-6.135629709364898,중립,,,,,,,,,,,,,,NO_DATA,,0.0,,22.9,관찰,22.9
2026-09-27T19:32:28+09:00,META,KRW-META,,12.2,-0.8130081299999999,157915640.15179253,1790504877546,False,False,,132784484.93596867,155690118.2106462,71827156.00219592,220086717.60263973,228579311.0627792,0.8528767686868437,0.8899685036145105,0.7295650581589369,1,3.3613445378151363,4.237288135593209,중립,,,,,,,,,,,,,,NO_DATA,,0.0,,22.9,관찰,22.9
2026-09-27T19:32:28+09:00,HYPER,KRW-HYPER,,104.0,0.97087379,431959920.50310487,1790504873061,False,False,,391849242.9942492,473711409.81540173,449491196.5298366,728547877.8815129,579877605.5458204,0.8271897929309894,0.711698128869063,0.6654308202604755,1,3.5175879396984966,0.9803921568627416,중립,,,,,,,,,,,,,,NO_DATA,,0.0,,22.8,관찰,22.8
2026-09-27T19:32:28+09:00,CHZ,KRW-CHZ,,22.8,0.0,2267597222.8299603,1790505120416,False,False,,2164912543.588663,2757985181.9071245,2736395827.3068814,3951817709.7122498,4335430932.745071,0.784961629885061,0.6875503918579687,0.6352409433094615,1,4.109589041095907,5.069124423963145,중립,,,,,,,,,,,,,,NO_DATA,,0.0,,22.4,관찰,22.4
2026-09-27T19:32:28+09:00,KAT,KRW-KAT,,6.98,0.28735632,604173339.0230289,1790505139909,False,False,,590267839.1414254,702462335.4967556,1499218082.5611184,2091643418.4949753,1673274775.0686462,0.8402839687113041,0.41245514776869735,0.4342568418878169,1,3.7257824143070106,4.8192771084337505,중립,,,,,,,,,,,,,,NO_DATA,,0.0,,22.4,관찰,22.4
2026-09-27T19:32:28+09:00,ZETA,KRW-ZETA,,73.0,-2.14477212,3119278236.7186656,1790505146068,False,False,,3068877780.0882287,3497202941.3979015,4238094682.1487226,12969103337.744614,65739964302.55201,0.8775235042154966,0.444670355712166,0.06740712172040281,1,8.11594202898549,-2.4836601307189565,중립,,,,,,,,,,,,,,NO_DATA,,0.0,,22.2,관찰,22.2
2026-09-27T19:32:28+09:00,MINA,KRW-MINA,,194.0,-1.02040816,1187553530.4701107,1790505113604,False,False,,1109735214.3021643,1473691638.4910636,2347674969.4345565,3772633172.863013,6766742124.402386,0.7530308141250227,0.4383994915734322,0.28313750864412174,1,-2.487562189054726,12.643678160919535,중립,,,,,,,,,,,,,,NO_DATA,,0.0,,22.2,관찰,22.2
2026-09-27T19:32:28+09:00,IQ,KRW-IQ,,1.3,-0.76335878,721723710.0928888,1790505136973,False,False,,640841967.8301753,727106329.7285781,678098441.7231289,1811662970.1155417,615969115.1320715,0.8813593578113885,0.5976390880633087,0.7038628187348888,1,3.9682539682539764,6.50406504065042,중립,,,,,,,,,,,,,,NO_DATA,,0.0,,22.2,관찰,22.2
2026-09-27T19:32:28+09:00,HOLO,KRW-HOLO,,93.3,0.10729614,1149684050.1856363,1790505089657,False,False,,711058587.2146423,825060671.44109,732718547.5869237,2367824615.3920426,1068109492.6874787,0.861825816970131,0.5434006720036405,0.5712805061483051,1,4.719101123595504,5.549263873159682,중립,,,,,,,,,,,,,,NO_DATA,,0.0,,22.0,관찰,22.0
2026-09-27T19:32:28+09:00,ARB,KRW-ARB,,312.0,2.97029703,14261716601.42728,1790505133430,False,False,,9514963647.431482,11271835402.889294,11907827161.115238,21374001390.475693,13298757309.570389,0.844136141749597,0.6406856004358769,0.5523646691387788,1,2.020202020202011,-0.6557377049180357,중립,,,,,,,,,,,,,,NO_DATA,,0.0,,21.9,관찰,21.9
2026-09-27T19:32:28+09:00,AUCTION,KRW-AUCTION,,5305.0,-0.37558685,468384921.9375715,1790505130537,False,False,,512985859.35526645,626187696.5127835,5813449819.581058,779707443.8509535,803985070.5651492,0.8192205982520353,0.21317135925827368,0.2864439576209432,1,4.71976401179941,6.627953544253096,중립,,,,,,,,,,,,,,NO_DATA,,0.0,,21.9,관찰,21.9
2026-09-27T19:32:28+09:00,GAME2,KRW-GAME2,,1.45,2.11267606,363328405.03999686,1790505060439,False,False,,121854175.78458758,137201729.71968195,148620032.5038228,313459664.05012065,108230689.9990315,0.8881387722556334,0.6100014305913943,0.6669269833776468,1,3.649635036496335,0.7092198581560183,중립,,,,,,,,,,,,,,NO_DATA,,0.0,,21.9,관찰,21.9
2026-09-27T19:32:28+09:00,MASK,KRW-MASK,,666.0,2.30414747,610891044.4844803,1790505148331,False,False,,581026626.8983643,619798598.2168812,530394547.8678803,1013632685.6284941,714049576.2263523,0.9374442416777624,0.8055546131062554,0.2641546480872794,1,3.8277511961722466,-1.0638297872340385,중립,,,,,,,,,,,,,,NO_DATA,,0.0,,21.8,관찰,21.8
2026-09-27T19:32:28+09:00,NXPC,KRW-NXPC,,340.0,-0.8746355699999999,432563319.1671827,1790505147993,False,False,,621506456.0041522,686056408.8823014,840251522.1155685,1898021095.1757982,11161113796.0197,0.9059115955445824,0.5444918854938023,0.2018973184970031,1,4.255319148936176,7.8616352201257955,중립,,,,,,,,,,,,,,NO_DATA,,0.0,,21.8,관찰,21.8
2026-09-27T19:32:28+09:00,MOVE,KRW-MOVE,,13.3,0.75757576,1748006788.0401006,1790504965774,False,False,,1606827041.1127176,1743283169.4483628,1784735854.5757542,2767534829.512264,1767934312.9040487,0.9217246338821565,0.7656961143506634,0.8039022629341158,1,5.600000000000005,3.124999999999978,중립,,,,,,,,,,,,,,NO_DATA,,0.0,,21.7,관찰,21.7
2026-09-27T19:32:28+09:00,MBL,KRW-MBL,,1.16,0.8695652200000001,343344969.2371592,1790504969656,False,False,,319658586.47516066,320329527.38805723,222326450.02686757,609725695.8088008,246468092.2191028,0.9979054665413851,0.8321685268933504,0.9478347598547805,1,4.545454545454519,4.545454545454519,중립,,,,,,,,,,,,,,NO_DATA,,0.0,,21.7,관찰,21.7
2026-09-27T19:32:28+09:00,WAVES,KRW-WAVES,,411.0,-0.48426149999999996,1574565870.1004176,1790505140218,False,False,,2025617903.8091538,2362317773.48922,11326988386.6373,5880565288.264212,1133023063.365268,0.8574705429309158,0.3105208803978716,0.4576493857964605,1,5.35714285714286,6.994818652849744,중립,,,,,,,,,,,,,,NO_DATA,,0.0,,21.6,관찰,21.6
2026-09-27T19:32:28+09:00,KERNEL,KRW-KERNEL,,74.1,-0.13477089,922811141.2106278,1790504848074,False,False,,1270990714.9728947,1592835717.4658628,11526621996.95025,18185337659.53942,92273439355.03189,0.7979421236202497,0.12180153549545128,0.03925098949399067,1,-3.7613488975356546,15.396578538102656,중립,,,,,,,,,,,,,,NO_DATA,,0.0,,21.6,관찰,21.6
2026-09-27T19:32:28+09:00,GLM,KRW-GLM,,177.0,1.14285714,583192944.294355,1790505095197,False,False,,437786224.91856146,510658644.7384,525595074.9860031,669380080.1540663,577744860.6398064,0.8572971973143242,0.7700121062617687,0.7645364980752964,1,4.79041916167664,4.166666666666674,중립,,,,,,,,,,,,,,NO_DATA,,0.0,,21.5,관찰,21.5
2026-09-27T19:32:28+09:00,ZBT,KRW-ZBT,,122.0,-1.61290323,1524415487.0974755,1790505109131,False,False,,1524275724.480649,1607927902.5807061,1656790508.8743086,2931961391.667702,3073702431.618949,0.9479751685596125,0.7379479525693008,0.7100959371601645,1,5.084745762711873,8.771929824561408,중립,,,,,,,,,,,,,,NO_DATA,,0.0,,21.3,관찰,21.3
2026-09-27T19:32:28+09:00,ERA,KRW-ERA,,97.1,1.99579832,1386639907.4747703,1790505145072,False,False,,725638871.1664078,742092960.1718245,676731388.6100804,1492755003.0251193,792835488.5428588,0.9778274557386896,0.7476755226156402,0.6416340429699477,1,4.271631982475355,2.9189189189189113,중립,,,,,,,,,,,,,,NO_DATA,,0.0,,21.3,관찰,21.3
2026-09-27T19:32:28+09:00,BLUR,KRW-BLUR,,29.1,1.0416666700000001,837008735.035681,1790505092587,False,False,,969628729.7145889,1022404853.1101134,433045591.72313356,1049827901.1822863,1036313231.7456821,0.9483804060250871,1.1611029943120463,0.8742920725907767,1,8.270676691729317,5.882352941176472,중립,,,,,,,,,,,,,,NO_DATA,,0.0,,21.3,관찰,21.3
2026-09-27T19:32:28+09:00,ALGO,KRW-ALGO,,161.0,0.0,3743601319.838864,1790505078284,False,False,,4804599451.429185,5397254106.955454,3808832316.582384,3629799137.10771,4539579616.088626,0.8901933013006533,1.1229297960149973,1.0974858663158973,1,11.805555555555557,5.228758169934644,중립,,,,,,,,,,,,,,NO_DATA,,0.0,,21.2,관찰,21.2
2026-09-27T19:32:28+09:00,ZKP,KRW-ZKP,,71.1,1.13798009,1037331022.7583767,1790505144103,False,False,,554386175.5434818,562272310.009124,1482892648.0525103,1157961395.1327899,1442231102.5746515,0.9859745281329713,0.5192297596914357,0.4598970692570592,1,5.714285714285716,4.148148148148145,중립,,,,,,,,,,,,,,NO_DATA,,0.0,,21.2,관찰,21.2
2026-09-27T19:32:28+09:00,OPG,KRW-OPG,,184.0,-1.07526882,3762472720.58618,1790505143466,False,True,거래량급등,5097549420.003546,184430144.7257397,350458456.370961,1177705088.7889283,3036057761.1828437,27.639458980981402,8.929525053331194,1.0605169432229606,2,8.771929824561408,5.084745762711873,일회성 폭증형,,,,,,,,,,,,,,NO_DATA,,0.0,,21.1,관찰,21.1
2026-09-27T19:32:28+09:00,BERA,KRW-BERA,,326.0,0.61728395,1564486559.045736,1790505143138,False,False,,1679268793.045924,1778540360.0679815,1736413044.9187348,2968571353.1576314,2999838056.5819864,0.9441836860996153,0.7770166023981753,0.4550415936456724,1,8.000000000000007,4.180064308681675,중립,,,,,,,,,,,,,,NO_DATA,,0.0,,20.8,관찰,20.8
2026-09-27T19:32:28+09:00,ZRX,KRW-ZRX,,173.0,-0.57471264,223240477.48997593,1790505124981,False,False,,220507742.40611386,281156652.29055727,356970795.0249217,477787100.75450057,389216230.3164692,0.7842878360147543,0.5928081396218674,0.5821917381757564,1,7.407407407407418,7.407407407407418,중립,,,,,,,,,,,,,,NO_DATA,,0.0,,20.8,관찰,20.8
2026-09-27T19:32:28+09:00,IOTA,KRW-IOTA,,69.2,-0.57471264,1389082900.7998314,1790505147671,False,False,,1526513158.1693034,1559266960.454715,1194717089.766715,1725997795.4161372,1212267762.6566405,0.9789941022826136,1.0222227750693427,0.9119957721524448,1,9.262166405023532,5.454545454545445,중립,,,,,,,,,,,,,,NO_DATA,,0.0,,20.7,관찰,20.7
2026-09-27T19:32:28+09:00,ME,KRW-ME,,109.0,0.0,970165274.0118551,1790504936986,False,False,,1000264784.6709626,1055329044.3443562,889174117.4091609,1506210799.7621992,1554505697.6257641,0.9478226625444547,0.8696155020321643,0.7037789346674475,1,7.920792079207928,7.920792079207928,중립,,,,,,,,,,,,,,NO_DATA,,0.0,,20.5,관찰,20.5
2026-09-27T19:32:28+09:00,ICP,KRW-ICP,,4365.0,0.48342541,920445415.9993426,1790505137968,False,False,,1044431910.9403377,1207825298.2587032,1556207005.9598398,2458192512.2722893,802934184.8936639,0.8647210092768164,0.5999925018407168,0.6879032444529058,1,8.005967180507213,6.10649731314119,중립,,,,,,,,,,,,,,NO_DATA,,0.0,,20.5,관찰,20.5
2026-09-27T19:32:28+09:00,THETA,KRW-THETA,,320.0,1.26582278,303969815.5971057,1790505139897,False,False,,311815069.75217295,344530206.5192967,324425685.50521815,767327915.9683614,423235969.0430854,0.9050442134010929,0.6512955197648225,0.6705492801398459,1,7.849829351535842,3.60655737704918,중립,,,,,,,,,,,,,,NO_DATA,,0.0,,20.4,관찰,20.4
2026-09-27T19:32:28+09:00,PUNDIX,KRW-PUNDIX,,168.0,-1.75438596,578099981.247524,1790505103563,False,False,,562540462.0794573,588240691.707069,632654301.2978371,758526014.0917277,545512805.5836389,0.9563100105281226,0.8525833464371146,0.8057161649272906,1,9.615384615384626,6.211180124223592,중립,,,,,,,,,,,,,,NO_DATA,,0.0,,20.3,관찰,20.3
2026-09-27T19:32:28+09:00,MOC,KRW-MOC,,31.1,1.63398693,678727046.2963496,1790505136654,False,False,,514560835.8465426,667347466.1016918,233955230.8774019,478193239.3238939,505952345.51210123,0.771053854227316,1.1190192496519098,0.9254868992358766,1,7.7464788732394485,7.7464788732394485,중립,,,,,,,,,,,,,,NO_DATA,,0.0,,20.2,관찰,20.2
2026-09-27T19:32:28+09:00,ARX,KRW-ARX,,347.0,12.297734629999999,7645225851.043395,1790505149640,False,False,,2571272303.087813,1526690452.5326693,4827116787.914237,2371809956.193425,6381756453.322437,1.684213259356052,0.8840425537156877,0.6720427023670449,2,-2.215189873417722,14.022140221402225,중립,,,,,,,,,,,,,,NO_DATA,,0.0,,20.1,관찰,20.1
2026-09-27T19:32:28+09:00,MON,KRW-MON,,36.0,-1.0989011,1314109189.8783016,1790505009390,False,False,,1560777392.6524596,1586101106.285417,1487307911.1657581,2656321186.9634585,1583907792.1081078,0.9840339852657536,0.8171994161871257,0.8502835334680992,1,10.63829787234043,5.2023121387283044,중립,,,,,,,,,,,,,,NO_DATA,,0.0,,20.1,관찰,20.1
2026-09-27T19:32:28+09:00,ETHFI,KRW-ETHFI,,1000.0,0.70493454,1369673426.9535482,1790505104235,False,False,,1357545779.3831737,1397917986.9397137,961610344.5209469,1792246293.6845233,1591828665.8912306,0.9711197595755086,0.9809389251246037,0.8744092569628444,1,11.073825503355694,2.5826446280991844,중립,,,,,,,,,,,,,,NO_DATA,,0.0,,20.0,관찰,20.0
2026-09-27T19:32:28+09:00,ASTR,KRW-ASTR,,10.3,0.0,241450362.64636153,1790505061836,False,False,,253700353.68204862,322340237.87975264,300161724.2520527,730088853.947684,687783652.5811684,0.787057661031727,0.5626986757548834,0.45573174225321655,1,8.53530031612224,9.341825902335454,중립,,,,,,,,,,,,,,NO_DATA,,0.0,,20.0,관찰,20.0
2026-09-27T19:32:28+09:00,CYBER,KRW-CYBER,,491.0,-1.00806452,162676369.3310724,1790505142804,False,False,,197573201.34109342,203995751.48431224,297731945.10968703,609465993.0511297,608204635.0261744,0.9685162553803837,0.5334080003753183,0.4086996377501812,1,7.826086956521738,10.46770601336302,중립,,,,,,,,,,,,,,NO_DATA,,0.0,,20.0,관찰,20.0
2026-09-27T19:32:28+09:00,SONIC,KRW-SONIC,,38.4,3.50404313,7476830197.983792,1790505098734,False,False,,781674966.1993244,817953896.4383346,1977507359.3659985,1212863885.2899134,5819485689.929285,0.9556467297277002,0.5850385924425774,0.3149525732360922,1,5.099150141643083,2.203856749311317,중립,,,,,,,,,,,,,,NO_DATA,,0.0,,19.9,관찰,19.9
2026-09-27T19:32:28+09:00,STRAX,KRW-STRAX,,16.4,1.2345679,540332429.0735812,1790505116864,False,False,,776249906.7352434,807317559.5505037,653944520.1811264,951535617.9607787,1023281088.444296,0.9615174320839026,0.9651657585851223,0.8577230498399948,1,6.578947368421062,7.999999999999985,중립,,,,,,,,,,,,,,NO_DATA,,0.0,,19.9,관찰,19.9
2026-09-27T19:32:28+09:00,APT,KRW-APT,,1165.0,0.25817556,5604719459.111206,1790505148647,False,False,,6027131145.979233,7135695478.891968,6664399163.751749,8721493581.50685,6525581022.114303,0.8446452295796578,0.802847173031451,0.7907778906951757,1,12.0540019286403,8.496732026143782,중립,,,,,,,,,,,,,,NO_DATA,,0.0,,18.7,관찰,18.7
2026-09-27T19:32:28+09:00,BABY,KRW-BABY,,19.5,2.6315789499999998,549388750.1635389,1790505004144,False,False,,896033971.0459964,215373224.33652237,356897057.9758629,605455744.7041986,889770508.8106133,4.160377752649216,2.282450970322436,1.4339757704417786,2,12.426035502958598,13.772455089820369,일회성 폭증형,,,,,,,,,,,,,,NO_DATA,,0.0,,17.9,관찰,17.9
2026-09-27T19:32:28+09:00,BAT,KRW-BAT,,132.0,1.53846154,148567869.95744997,1790504724996,False,False,,247003997.79325888,290559670.5074061,294733966.6536725,890796621.5739106,817437359.8681678,0.8500973220471867,0.5020099475589146,0.46451454390284136,1,8.333333333333325,14.035087719298245,중립,,,,,,,,,,,,,,NO_DATA,,0.0,,17.8,관찰,17.8
2026-09-27T19:32:28+09:00,CVC,KRW-CVC,,41.8,-2.10772834,1999857708.4614878,1790505095839,False,False,,5467877829.353356,6612005577.792231,31106248063.232674,2120017815.5451925,2311886520.6408625,0.8269620714958771,0.4117556532527416,0.625221249499974,1,12.368421052631584,14.784946236559149,중립,,,,,,,,,,,,,,NO_DATA,,0.0,,17.4,관찰,17.4
2026-09-27T19:32:28+09:00,ARKM,KRW-ARKM,,192.0,2.12765957,470140463.9329066,1790505060774,False,False,,452927091.0845152,475561840.4064704,250199123.4451362,651016781.0671427,695163288.5306311,0.9524041935269472,0.9869285571098001,0.5159072402853152,1,11.904761904761907,9.302325581395344,중립,,,,,,,,,,,,,,NO_DATA,,0.0,,17.1,관찰,17.1
2026-09-27T19:32:28+09:00,VIRTUAL,KRW-VIRTUAL,,1104.0,2.50696379,8819139562.050972,1790505139894,False,False,,8324627812.860142,10386867643.913097,8054190802.801289,9972809115.196741,8833453929.78185,0.8014570030396538,0.8789329148580248,0.888317075912244,1,12.187499999999996,8.897876643073822,중립,,,,,,,,,,,,,,NO_DATA,,0.0,,16.8,관찰,16.8
2026-09-27T19:32:28+09:00,ZK,KRW-ZK,,17.9,2.28571429,443123942.20467204,1790505103248,False,False,,442941868.8835585,570491533.0336736,769030034.2945448,1286521602.2910051,692882973.4425244,0.7764214598035297,0.5060181881333486,0.4486184925746604,1,13.636363636363624,9.375,중립,,,,,,,,,,,,,,NO_DATA,,0.0,,16.3,관찰,16.3
2026-09-27T19:32:28+09:00,TAIKO,KRW-TAIKO,,137.0,9.6,14626953919.741934,1790505150288,False,False,,329731957.3937258,362138934.0388908,578621501.5962641,715931618.0725278,808403218.9420803,0.910512310058093,0.5970909741296541,0.5503180198546159,1,3.305785123966931,0.8064516129032251,중립,,,,,,,,,,,,,,NO_DATA,,0.0,,16.0,관찰,16.0
2026-09-27T19:32:28+09:00,RENDER,KRW-RENDER,,2810.0,3.8049501300000004,2075659015.1057868,1790505138295,False,False,,1927558030.264963,2111280360.4229527,2203188623.2684107,1977255095.0815663,1468587109.2706764,0.9129806094908283,0.919092130931889,0.92006624226822,1,13.787305590584275,6.869324911172514,중립,,,,,,,,,,,,,,NO_DATA,,0.0,,15.6,관찰,15.6
2026-09-27T19:32:28+09:00,KAVA,KRW-KAVA,,92.4,-1.17647059,577783837.1562972,1790505037382,False,False,,550013606.4540145,779215901.1626651,361282503.93662614,361954391.82756424,255150405.54327995,0.7058552137261846,1.0982313871937057,1.194013128336748,1,-1.8887722980062915,-2.298850574712652,감소형,,,,,,,,,,,,,,NO_DATA,,0.0,,14.8,관찰,14.8
2026-09-27T19:32:28+09:00,AXS,KRW-AXS,,1597.0,0.31407035,4086674581.054567,1790505118156,False,False,,15160232801.627638,28879221532.56968,1975789494.4618082,3769543785.5264745,3043974442.6814833,0.524952959155429,1.3135388642856296,1.850308613105197,1,12.270803949224263,8.594815825375179,감소형,,,,,,,,,,,,,,NO_DATA,,0.0,,13.3,관찰,13.3
2026-09-27T19:32:28+09:00,QTUM,KRW-QTUM,,1391.0,-0.7845934400000001,743645013.2138957,1790505150289,False,False,,1804277968.0302393,2498255308.2854114,900537802.3521221,1354635756.187242,711386724.0861069,0.7222152043653782,1.1387219743347954,1.472369961883654,1,6.615969581749059,3.9288361749443945,감소형,,,,,,,,,,,,,,NO_DATA,,0.0,,13.3,관찰,13.3
2026-09-27T19:32:28+09:00,G,KRW-G,,7.55,-2.45478036,4006567882.178498,1790505147348,False,False,,3901990047.0562687,11576162194.883804,7022479748.427598,11382234353.84004,19505719492.900383,0.337071127837237,0.39044789835849525,0.14267374896120258,1,-1.526717557251911,-12.244897959183676,감소형,,,,,,,,,,,,,,NO_DATA,,0.0,,13.0,관찰,13.0
2026-09-27T19:32:28+09:00,TRX,KRW-TRX,,454.0,0.0,2420573656.2533536,1790505125303,False,False,,2250078551.362814,4598805638.133217,3754011560.0374436,4032496318.0960135,4762966591.877639,0.4892745483099354,0.5450193606502403,0.5270541077102096,1,-3.404255319148941,-2.5751072961373356,감소형,,,,,,,,,,,,,,NO_DATA,,0.0,,13.0,관찰,13.0
2026-09-27T19:32:28+09:00,USDT,KRW-USDT,,1358.0,-0.14705882,41230357421.05738,1790505148316,False,False,,43538457052.93687,75080233054.15648,92011396310.42532,168976915408.14075,108971107454.0189,0.5798924068540375,0.3886569367780123,0.3709960411402106,1,-0.9468317552804084,0.591715976331364,감소형,,,,,,,,,,,,,,NO_DATA,,0.0,,12.9,관찰,12.9
2026-09-27T19:32:28+09:00,XAUT,KRW-XAUT,,5821000.0,0.10318142999999999,280757528.50974,1790505147351,False,False,,334279266.59118,1166787719.07099,682561611.69144,879604994.20958,1123424778.74585,0.2864953591192553,0.3674806099159706,0.29896092417370884,1,-1.2565800645270797,-1.6573651276847623,감소형,,,,,,,,,,,,,,NO_DATA,,0.0,,12.9,관찰,12.9
2026-09-27T19:32:28+09:00,O,KRW-O,,727.0,-2.0215633399999997,279187994.9866802,1790505051901,False,False,,313539216.55735785,561088405.3306783,672369495.7150644,677265532.4885241,920973857.6317621,0.558805374658514,0.49228351584729985,0.4571824785461398,1,-1.3297872340425565,0.4059539918809252,감소형,,,,,,,,,,,,,,NO_DATA,,0.0,,12.9,관찰,12.9
2026-09-27T19:32:28+09:00,RLUSD,KRW-RLUSD,,1360.0,0.0,121981488.75940531,1790503636098,False,False,,96392639.07835563,144155148.05026597,35507652.58288748,145268687.1338327,89311436.38431917,0.668672887386194,0.8899658177863059,0.7795322482780584,1,-1.0909090909090868,0.4431314623338345,감소형,,,,,,,,,,,,,,NO_DATA,,0.0,,12.9,관찰,12.9
2026-09-27T19:32:28+09:00,XTZ,KRW-XTZ,,443.0,-1.55555556,522670968.29978323,1790504960223,False,False,,437934536.6863368,620324737.3013345,255899620.7051851,640220524.2867305,552687721.9646053,0.7059762578412245,0.8663708291673651,0.759441130099681,1,0.6711409395973256,-2.1739130434782594,감소형,,,,,,,,,,,,,,NO_DATA,,0.0,,12.8,관찰,12.8
2026-09-27T19:32:28+09:00,BTC,KRW-BTC,,115324000.0,0.40834095000000004,64542393076.97436,1790505152080,False,False,,62950265085.00601,128171834220.45271,103868241728.45888,157018825615.72302,153194249446.10184,0.49113961322214483,0.48540412388853704,0.37022281981348354,1,-0.9084791386271829,-1.936425808765141,감소형,,,,,,,,,,,,,,NO_DATA,,0.0,,12.7,관찰,12.7
2026-09-27T19:32:28+09:00,ETH,KRW-ETH,,3684000.0,0.38147138999999997,40608177689.83657,1790505148978,False,False,,33503538009.07183,83710519127.93227,73617700334.64021,123274417001.84668,121569284329.97495,0.4002309191019277,0.3581955440392321,0.2686188595043241,1,-0.43407487791644606,-2.289669861554844,감소형,,,,,,,,,,,,,,NO_DATA,,0.0,,12.7,관찰,12.7
2026-09-27T19:32:28+09:00,LIT,KRW-LIT,,6515.0,-1.21304018,2019240550.1438742,1790505054303,False,False,,2210687164.039057,4115182468.93631,4212133790.0804925,4763621412.950914,1300346390.1253138,0.5372027074683943,0.506614702346245,0.6731749107772095,1,-9.595613433858807,2.8059236165237644,감소형,,,,,,,,,,,,,,NO_DATA,,0.0,,12.4,관찰,12.4
2026-09-27T19:32:28+09:00,XRP,KRW-XRP,,2092.0,0.5769230799999999,154868121042.16513,1790505150612,False,False,,161531810895.23608,393270807788.19995,277058018201.3417,534622788019.7696,437399315440.244,0.41073938796451603,0.4021700349222185,0.38030209571451007,1,0.9218825812712383,0.09624639076035724,감소형,,,,,,,,,,,,,,NO_DATA,,0.0,,12.2,관찰,12.2
2026-09-27T19:32:28+09:00,MVL,KRW-MVL,,1.58,0.63694268,174612868.61385927,1790504981370,False,False,,103655202.53699721,177544188.166818,64364446.52457794,203273432.17325035,115253018.87509552,0.5838276296580559,0.6985133291668238,0.7889127347025736,1,0.6410256410256387,1.2903225806451646,감소형,,,,,,,,,,,,,,NO_DATA,,0.0,,12.0,관찰,12.0
2026-09-27T19:32:28+09:00,DOOD,KRW-DOOD,,2.55,-1.1627907,429903462.01596594,1790504853625,False,False,,394752858.1263822,609833974.1386179,507619830.13701385,1307836654.2663972,1260745100.8728518,0.6473120141985614,0.488295564850021,0.39120438186678164,1,3.6144578313253017,0.0,감소형,,,,,,,,,,,,,,NO_DATA,,0.0,,11.7,관찰,11.7
2026-09-27T19:32:28+09:00,BIRB,KRW-BIRB,,95.8,1.80658874,838828358.9558299,1790505131515,False,False,,688635563.5130193,1149334179.1552646,3021273209.924191,3137085347.9467816,875986155.1660306,0.5991604321896625,0.2827030042015354,0.3680675564326091,1,-2.1829521829521914,0.21299254526090383,감소형,,,,,,,,,,,,,,NO_DATA,,0.0,,11.5,관찰,11.5
2026-09-27T19:32:28+09:00,KNC,KRW-KNC,,200.0,0.50251256,219289247.59719074,1790504967720,False,False,,146886638.6811493,228116197.21627834,114895018.94992566,327602306.9582442,188937038.7368544,0.6439114822779778,0.6570996570280512,0.6407155349088063,1,3.1088082901554515,-1.4851485148514865,감소형,,,,,,,,,,,,,,NO_DATA,,0.0,,11.5,관찰,11.5
2026-09-27T19:32:28+09:00,SHIB,KRW-SHIB,,0.0081,0.37174721,5872732672.219021,1790505144097,False,False,,7257317016.724076,10127354094.763533,10556722104.474813,14052369404.44906,19713467015.58345,0.716605437986666,0.6267754420982282,0.49101364504731976,1,4.1290322580645356,-1.465201465201449,감소형,,,,,,,,,,,,,,NO_DATA,,0.0,,11.3,관찰,11.3
2026-09-27T19:32:28+09:00,RAY,KRW-RAY,,3131.0,11.463154150000001,4428891886.118156,1790505149317,False,False,,1455817016.1238296,1707500215.5006154,8675593003.523516,10542000417.475857,1412862241.163368,0.8526013659664483,0.2087183514798362,0.28867217181866406,1,3.386087596613918,15.264669675830934,중립,,,,,,,,,,,,,,NO_DATA,,0.0,,11.3,관찰,11.3
2026-09-27T19:32:28+09:00,AKT,KRW-AKT,,954.0,0.10493179,1273773045.2566097,1790505075063,False,False,,1255817342.83686,2063637006.7302861,1652359300.9812148,3581302871.8221903,2330021457.7207212,0.6085456593098367,0.5162803299989306,0.3129719055307097,1,1.5991471215351716,4.725274725274731,감소형,,,,,,,,,,,,,,NO_DATA,,0.0,,11.3,관찰,11.3
2026-09-27T19:32:28+09:00,FF,KRW-FF,,181.0,1.11731844,796815596.2453008,1790505089004,False,False,,889832595.3579551,1198618355.500902,2408375112.317738,2702913518.870683,1451625347.1749961,0.7423819193775775,0.4230645224573263,0.29157181144390865,1,0.0,3.4682080924855585,감소형,,,,,,,,,,,,,,NO_DATA,,0.0,,11.3,관찰,11.3
2026-09-27T19:32:28+09:00,META2,KRW-META2,,9035.0,4.81438515,36842534835.753914,1790505148316,False,False,,23733103758.412453,3502073588.454111,47771446057.41733,1312374597.4304364,1226593040.516359,6.776871804366836,1.3539621660861338,2.118976586413758,2,14.021164021164022,16.172506738544467,일회성 폭증형,,,,,,,,,,,,,,NO_DATA,,0.0,,11.1,관찰,11.1
2026-09-27T19:32:28+09:00,DOGE,KRW-DOGE,,133.0,1.52671756,19573675074.444126,1790505146703,False,False,,19016903217.669945,29534661002.031883,32631455221.62486,65440324309.2849,70169349734.34349,0.6438842557346992,0.4470833087635744,0.33728779659212466,1,2.34375,-2.238805970149249,감소형,,,,,,,,,,,,,,NO_DATA,,0.0,,11.0,관찰,11.0
2026-09-27T19:32:28+09:00,CARV,KRW-CARV,,59.5,0.6768189499999999,630193164.5468825,1790505135676,False,False,,490234582.44185376,661764432.6106302,1030663475.7849114,8542750304.020968,34220929918.672844,0.7407992304873517,0.14369107374617274,0.05377994215992147,1,-0.16891891891892552,6.871609403254975,감소형,,,,,,,,,,,,,,NO_DATA,,0.0,,10.9,관찰,10.9
2026-09-27T19:32:28+09:00,SNT,KRW-SNT,,12.1,-0.8196721299999999,313935239.23459387,1790505024893,False,False,,381811145.2782115,523397839.59426653,395290027.1079964,1773502668.758186,664953354.6816213,0.7294855201813369,0.42546521902794276,0.46334707045671497,1,2.5210084033613356,6.0869565217391175,감소형,,,,,,,,,,,,,,NO_DATA,,0.0,,10.8,관찰,10.8
2026-09-27T19:32:28+09:00,HP,KRW-HP,,12.9,0.0,172485033.02420592,1790504769928,False,False,,156035331.02008945,210304575.67215872,107713490.87238023,250708412.23709673,169792188.3701684,0.7419492919798905,0.8230775434670752,0.8085258891250138,1,4.0322580645161255,4.0322580645161255,감소형,,,,,,,,,,,,,,NO_DATA,,0.0,,10.7,관찰,10.7
2026-09-27T19:32:28+09:00,MIRA,KRW-MIRA,,75.2,-0.39735099,1460997468.8210595,1790505151927,False,False,,1415426338.547616,2323943089.0602827,2474564894.384905,3027705072.0470366,4145855952.375667,0.6090623927972189,0.5425713541829691,0.18731978816889117,1,5.006954102920713,3.0013642564802323,감소형,,,,,,,,,,,,,,NO_DATA,,0.0,,10.6,관찰,10.6
2026-09-27T19:32:28+09:00,WIF,KRW-WIF,,337.0,0.8982035899999999,109527875.20998038,1790505132463,False,False,,228640162.0043103,460423420.99201286,1066283524.2519665,550184537.2006671,5058460945.265097,0.4965867320817214,0.3302630357969183,0.10569976505417902,1,4.374999999999996,1.21212121212122,감소형,,,,,,,,,,,,,,NO_DATA,,0.0,,10.5,관찰,10.5
2026-09-27T19:32:28+09:00,ENS,KRW-ENS,,9650.0,0.41623309000000003,3223009105.0969114,1790505149969,False,False,,2963833783.013102,5395225413.297055,9044053917.629648,22570380049.842197,7233284941.907596,0.5493438282872198,0.24024812705138116,0.28377526095419575,1,3.6677454153182243,4.912663755458513,감소형,,,,,,,,,,,,,,NO_DATA,,0.0,,10.3,관찰,10.3
2026-09-27T19:32:28+09:00,ENSO,KRW-ENSO,,1405.0,-1.61064426,1315157900.5064502,1790505045355,False,False,,989498714.8799146,1338022387.9962344,1617665543.691993,2437033625.405841,2490263279.8926144,0.739523287320884,0.5504634558286656,0.19635109459140665,1,5.387453874538739,3.4782608695652195,감소형,,,,,,,,,,,,,,NO_DATA,,0.0,,10.3,관찰,10.3
2026-09-27T19:32:28+09:00,MED,KRW-MED,,2.5,-0.79365079,349790096.98935837,1790505076677,False,False,,407686992.90178764,866593766.7482828,183815613.4134162,265705512.35250437,335476378.40449965,0.47044764057275684,0.929296511772557,1.0157091188575198,1,5.882352941176472,3.2786885245901676,감소형,,,,,,,,,,,,,,NO_DATA,,0.0,,10.3,관찰,10.3
2026-09-27T19:32:28+09:00,ANKR,KRW-ANKR,,7.05,0.7142857100000001,3175821548.2498107,1790505093895,False,False,,1174035776.8162823,3396157630.458345,218008019.4884472,522172817.4039794,624202678.4417462,0.3456953135175397,0.8515036567364552,1.1125989444194415,1,5.263157894736836,4.166666666666674,감소형,,,,,,,,,,,,,,NO_DATA,,0.0,,10.2,관찰,10.2
2026-09-27T19:32:28+09:00,TRAC,KRW-TRAC,,504.0,1.20481928,1452784491.2015977,1790505136323,False,False,,1057475282.7733263,3786212820.2565055,7731615583.871035,720401523.8286253,882134348.4465986,0.2792963134865951,0.25922260547443293,0.34556760875598347,1,5.285412262156441,0.60606060606061,감소형,,,,,,,,,,,,,,NO_DATA,,0.0,,10.1,관찰,10.1
2026-09-27T19:32:28+09:00,XLM,KRW-XLM,,297.0,1.02040816,18265452992.59242,1790505136008,False,False,,21617357056.9015,60852984549.24012,34825542466.10956,44818941564.48005,40816393341.98725,0.3552390604508393,0.4615888942785898,0.48360249780125136,1,5.755395683453246,0.6849315068493178,감소형,,,,,,,,,,,,,,NO_DATA,,0.0,,10.0,관찰,10.0
2026-09-27T19:32:28+09:00,GRVT,KRW-GRVT,,277.0,-0.35971223,782397625.8200802,1790505142176,False,False,,836577317.3919842,1268353984.1080494,4105181033.295554,1862802934.9533849,1252494842.3829708,0.6595771589587386,0.3468234856773782,0.4247604204263689,1,4.511278195488733,6.513409961685834,감소형,,,,,,,,,,,,,,NO_DATA,,0.0,,10.0,관찰,10.0
2026-09-27T19:32:28+09:00,MORPHO,KRW-MORPHO,,3733.0,0.43045467,1672425492.625775,1790505147679,False,False,,1728046598.0643027,3531586622.0659103,8231004960.029654,2037787911.1594174,1093118203.3933327,0.4893116842348408,0.37565197368135333,0.5150086877584665,1,5.716723549488045,3.624198494563702,감소형,,,,,,,,,,,,,,NO_DATA,,0.0,,9.9,관찰,9.9
2026-09-27T19:32:28+09:00,WET,KRW-WET,,95.6,1.27118644,423206989.42702246,1790504825986,False,False,,332892155.23609227,446971916.58665293,381692459.15717155,1385467872.7863944,12964196024.655256,0.7447719708617434,0.4510464387893796,0.10644579669765725,1,1.6146393972013007,7.394766780432316,감소형,,,,,,,,,,,,,,NO_DATA,,0.0,,9.8,관찰,9.8
2026-09-27T19:32:28+09:00,NEWT,KRW-NEWT,,70.2,1.00719424,467303198.74648136,1790505147666,False,False,,298333441.3888942,486064066.39847547,586878954.509249,3489891895.963446,4645223991.742351,0.6137739076237747,0.19615005593505072,0.13468889304263923,1,3.268945022288272,6.431852986217468,감소형,,,,,,,,,,,,,,NO_DATA,,0.0,,9.6,관찰,9.6
2026-09-27T19:32:28+09:00,MOODENG,KRW-MOODENG,,66.7,0.45180723,470194162.35041106,1790504963497,False,False,,752950731.6651403,3895280204.393586,1130209833.6030025,2270673600.1712136,1909225879.0063498,0.1932982204504487,0.3095945084316474,0.33525363861350466,1,8.143322475570036,1.8404907975460238,감소형,,,,,,,,,,,,,,NO_DATA,,0.0,,9.4,관찰,9.4
2026-09-27T19:32:28+09:00,ADA,KRW-ADA,,349.0,0.86705202,12698288081.663387,1790505139255,False,False,,16961662977.053387,24403876608.524612,15449326377.489492,25099966365.799915,26057610631.502766,0.6950396959116095,0.78341040843666,0.7266632339407486,1,5.810397553516822,4.53172205438066,감소형,,,,,,,,,,,,,,NO_DATA,,0.0,,9.3,관찰,9.3
2026-09-27T19:32:28+09:00,DATA,KRW-DATA,,311.0,-0.95541401,9963921188.384243,1790505146061,False,False,,9075113051.978819,16345239650.771955,23844881873.41723,25536375552.554024,29071967110.75162,0.5552144383242626,0.41422166655478015,0.461231160621688,1,1.2903225806451646,14.598540145985407,감소형,,,,,,,,,,,,,,NO_DATA,,0.0,,9.3,관찰,9.3
2026-09-27T19:32:28+09:00,SOL,KRW-SOL,,168500.0,1.9358741700000002,29366944889.056946,1790505145409,False,False,,24603800499.52651,58077017703.67109,37671346854.87487,51894789216.68141,52156395694.8951,0.42364090775224644,0.49993108119967655,0.4614223940763277,1,4.752851711026618,2.7346177750155354,감소형,,,,,,,,,,,,,,NO_DATA,,0.0,,9.2,관찰,9.2
2026-09-27T19:32:28+09:00,VVV,KRW-VVV,,42180.0,4.74298485,1556784875.8911238,1790505135354,False,False,,885237193.7668076,1912443219.3261023,2301540555.914533,3257964036.982668,3490875260.8062415,0.46288286356482955,0.35542426794737036,0.17228289207697722,1,-3.173839865352246,-6.69601482854495,감소형,,,,,,,,,,,,,,NO_DATA,,0.0,,9.2,관찰,9.2
2026-09-27T19:32:28+09:00,BSV,KRW-BSV,,29200.0,0.79392475,952734539.3886342,1790505103582,False,False,,1168562143.96585,2066862809.3949728,4438864970.851167,51279663413.94648,21715154545.11199,0.5653796365458432,0.06066734791353059,0.0712907697934105,1,-4.452506596306072,15.880000000000006,감소형,,,,,,,,,,,,,,NO_DATA,,0.0,,8.9,관찰,8.9
2026-09-27T19:32:28+09:00,TFUEL,KRW-TFUEL,,15.4,2.66666667,1001399740.3993589,1790505102275,False,False,,310399583.1067175,425114840.38362044,308316172.419269,493995973.9409945,328288447.0818187,0.7301546632119812,0.7586591784090024,0.8019471586819497,1,4.166666666666674,2.7397260273972712,감소형,,,,,,,,,,,,,,NO_DATA,,0.0,,8.8,관찰,8.8
2026-09-27T19:32:28+09:00,IRYS,KRW-IRYS,,23.0,0.43668122000000004,421086991.83024055,1790504884283,False,False,,392244077.4361227,664229774.6971644,358642660.6908418,563392125.7704713,547249363.9077971,0.5905246834424949,0.7418259608907731,0.7637696439187642,1,7.511737089201875,6.018518518518512,감소형,,,,,,,,,,,,,,NO_DATA,,0.0,,8.7,관찰,8.7
2026-09-27T19:32:28+09:00,ETC,KRW-ETC,,12950.0,0.6216006199999999,4642919202.941331,1790505131504,False,False,,5783833070.050384,9029163429.900164,32540528088.281086,13125259571.38225,12739870658.671398,0.6405724201311014,0.3172413333314424,0.3868372833531782,1,6.893687707641205,6.804979253112031,감소형,,,,,,,,,,,,,,NO_DATA,,0.0,,8.6,관찰,8.6
2026-09-27T19:32:28+09:00,ORDER,KRW-ORDER,,57.5,-0.34662044999999997,339018987.5131164,1790504802986,False,False,,265090775.66663578,376222869.586265,334430854.7156139,494325895.48740286,1317728820.461924,0.7046110087835915,0.6599881972601154,0.4171494012892317,1,8.25515947467168,7.0500927643784905,감소형,,,,,,,,,,,,,,NO_DATA,,0.0,,8.6,관찰,8.6
2026-09-27T19:32:28+09:00,CAP,KRW-CAP,,71.7,2.13675214,7772328395.014886,1790505149315,False,False,,5779228683.3535795,14867271133.308311,13743323410.678299,21094502848.513226,4540520039.210416,0.38872155027871397,0.34881102662675556,0.4635500089086793,1,-3.703703703703709,12.86173633440515,감소형,,,,,,,,,,,,,,NO_DATA,,0.0,,8.5,관찰,8.5
2026-09-27T19:32:28+09:00,ID,KRW-ID,,54.3,0.18450185000000002,817861070.2320381,1790505091278,False,False,,834450945.4440094,1189977621.8235424,985741626.155564,1802659484.8418655,1621283019.2545738,0.701232468695741,0.6292394476372443,0.5793788077020048,1,8.617234468937895,6.06653620352251,감소형,,,,,,,,,,,,,,NO_DATA,,0.0,,8.5,관찰,8.5
2026-09-27T19:32:28+09:00,MEW,KRW-MEW,,0.697,1.01449275,360244760.037165,1790505122047,False,False,,302168948.6895216,718124770.5072286,696537551.3472297,3640111950.5194273,1353837140.9011655,0.42077499774320903,0.17933676109395086,0.18208638473851008,1,5.343511450381677,8.150470219435736,감소형,,,,,,,,,,,,,,NO_DATA,,0.0,,8.5,관찰,8.5
2026-09-27T19:32:28+09:00,YGG,KRW-YGG,,38.2,0.52631579,185748395.92724746,1790505129232,False,False,,177976937.57138267,250310838.7989945,196446736.3572445,505362448.49426496,627497717.3662634,0.7110236952795413,0.5607809934161606,0.4770458982635304,1,6.741573033707859,7.954545454545436,감소형,,,,,,,,,,,,,,NO_DATA,,0.0,,8.5,관찰,8.5
2026-09-27T19:32:28+09:00,CFX,KRW-CFX,,77.2,0.65189048,121030448.81162776,1790505083837,False,False,,164835634.0395843,403867746.61056376,139601863.77749023,334909691.7722206,223733585.80007896,0.408142604659465,0.562976496489124,0.5029886320550248,1,8.028169014084519,5.502063273727642,감소형,,,,,,,,,,,,,,NO_DATA,,0.0,,8.5,관찰,8.5
2026-09-27T19:32:28+09:00,QKC,KRW-QKC,,4.12,1.98019802,1142068223.7014964,1790505123988,False,False,,796124737.5694954,2624484363.3786063,900630463.9158627,959008773.4429519,537671240.3657248,0.30334520131970283,0.5326289873712925,0.6957432460647246,1,3.0612244897959107,8.89487870619947,감소형,,,,,,,,,,,,,,NO_DATA,,0.0,,8.4,관찰,8.4
2026-09-27T19:32:28+09:00,GMT,KRW-GMT,,12.2,0.8264462800000001,448629317.95583576,1790505047438,False,False,,554838614.0873101,791769948.2832922,561574738.2633239,1230701995.8781662,2706307916.4884,0.7007573541914615,0.6441508404561812,0.4181756515353423,1,7.079646017699104,7.079646017699104,감소형,,,,,,,,,,,,,,NO_DATA,,0.0,,8.3,관찰,8.3
2026-09-27T19:32:28+09:00,MANA,KRW-MANA,,125.0,0.0,234575190.42649302,1790504864038,False,False,,216139077.0996889,875759419.9218636,326525213.0659894,539069589.413937,326945991.75907177,0.24680188666308964,0.37236377467459036,0.4235004447370689,1,9.649122807017552,6.8376068376068355,감소형,,,,,,,,,,,,,,NO_DATA,,0.0,,8.1,관찰,8.1
2026-09-27T19:32:28+09:00,CRO,KRW-CRO,,93.6,1.2987013,1721150699.257075,1790505147668,False,False,,1553539679.0051122,3860025378.5829763,1525639968.9601104,2638770402.68334,2828815233.173442,0.4024687732948067,0.5808033339769499,0.49819105100157524,1,9.608540925266906,3.4714445688689866,감소형,,,,,,,,,,,,,,NO_DATA,,0.0,,7.8,관찰,7.8
2026-09-27T19:32:28+09:00,AAVE,KRW-AAVE,,211800.0,0.0,4914755550.006356,1790505140553,False,False,,4811621061.948952,6910748721.960256,5308166350.537992,9432826754.37514,5162788472.536403,0.6962517746679292,0.6666836922991021,0.684677023604164,1,11.122770199370402,7.240506329113927,감소형,,,,,,,,,,,,,,NO_DATA,,0.0,,7.5,관찰,7.5
2026-09-27T19:32:28+09:00,PENGU,KRW-PENGU,,13.8,2.22222222,4657735947.234579,1790505115868,False,False,,4925815426.15655,8224441236.762701,8292785129.560726,16686843180.274664,14896165848.775595,0.598924022234907,0.44504925089773123,0.4303529154878526,1,1.5037593984962294,14.406779661016934,감소형,,,,,,,,,,,,,,NO_DATA,,0.0,,7.5,관찰,7.5
2026-09-27T19:32:28+09:00,TIA,KRW-TIA,,676.0,0.74515648,791729084.7101985,1790504713575,False,False,,576569801.7672564,853178412.7350194,743116126.490192,1489262923.3552291,1669032516.276445,0.6757904245595672,0.5605824640372179,0.52819443617781,1,6.170886075949378,13.15345699831365,감소형,,,,,,,,,,,,,,NO_DATA,,0.0,,7.4,관찰,7.4
2026-09-27T19:32:28+09:00,UNI,KRW-UNI,,13580.0,2.95678544,9308466416.616135,1790505139245,False,False,,9067287006.681377,13183105191.479092,14485210789.19492,27594345496.28572,26337056933.78433,0.6877959991203001,0.4922285733810561,0.48707953619207406,1,4.104183109707971,8.470394736842103,감소형,,,,,,,,,,,,,,NO_DATA,,0.0,,7.3,관찰,7.3
2026-09-27T19:32:28+09:00,COMP,KRW-COMP,,33100.0,1.59607121,2024948857.19213,1790505075068,False,False,,385799337.338533,1017042543.198578,13485979478.734259,364019591.5446127,303032233.6575213,0.3793345125221625,0.07784992079166447,0.12300472471366491,1,8.890374331550799,6.2969004893964176,감소형,,,,,,,,,,,,,,NO_DATA,,0.0,,7.2,관찰,7.2
2026-09-27T19:32:28+09:00,PROS,KRW-PROS,,870.0,3.57142857,3426440870.0959563,1790505114892,False,False,,301890985.82830775,3316880068.8205247,638858680.2266619,941441105.4189333,411581992.65517116,0.09101655156788938,0.18493765481350855,0.19645700434889776,1,5.1314142678347885,8.247422680412363,감소형,,,,,,,,,,,,,,NO_DATA,,0.0,,6.5,관찰,6.5
2026-09-27T19:32:28+09:00,WAL,KRW-WAL,,50.7,1.19760479,1425173850.5245733,1790505128585,False,False,,867718883.0473788,1445988189.5251055,501219169.4550028,1127348761.8448186,1612160211.1168861,0.6000871164323665,0.8466772265141446,0.4965977876958606,1,11.333333333333329,7.280513918629539,감소형,,,,,,,,,,,,,,NO_DATA,,0.0,,6.5,관찰,6.5
2026-09-27T19:32:28+09:00,BEAM,KRW-BEAM,,2.93,-0.34013605,446062642.11059046,1790505143124,False,False,,560232484.8565059,999873776.6124752,5711145321.3826,538087147.03928,419368053.6085024,0.5603032082254892,0.23184892009560445,0.32993723009585746,1,10.943396226415093,13.076923076923075,감소형,,,,,,,,,,,,,,NO_DATA,,0.0,,6.3,관찰,6.3
2026-09-27T19:32:28+09:00,BIO,KRW-BIO,,43.3,-1.1415525100000001,557895787.7611289,1790505086095,False,False,,642930172.4192992,1368540983.820868,674603529.8236185,676170750.999676,488373934.99172974,0.4697924139796562,0.7092927187720879,0.9124454684788179,1,12.596401028277636,11.45038167938932,감소형,,,,,,,,,,,,,,NO_DATA,,0.0,,6.1,관찰,6.1
2026-09-27T19:32:28+09:00,LINK,KRW-LINK,,19500.0,1.19356513,10237692268.562487,1790505138928,False,False,,13557068006.017862,18627353208.430157,11456517784.600773,10710856925.352594,9345250303.727001,0.7278043130616302,0.9969720621601629,1.066214013757266,1,13.62028301886793,8.015695067264584,감소형,,,,,,,,,,,,,,NO_DATA,,0.0,,5.8,관찰,5.8
2026-09-27T19:32:28+09:00,JST,KRW-JST,,171.0,2.39520958,660855932.4718751,1790504830425,False,False,,423463884.27158016,650766518.5410441,320554317.893869,361308993.49174523,502504948.2263434,0.6507155365352008,0.9532967252313846,0.8792020659834443,1,9.868421052631572,8.441558441558449,감소형,,,,,,,,,,,,,,NO_DATA,,0.0,,5.8,관찰,5.8
2026-09-27T19:32:28+09:00,CKB,KRW-CKB,,1.93,-2.0304568499999998,219722014.23389146,1790505148655,False,False,,225247524.08964974,315883686.7812772,771389511.3674283,370739005.4557307,270446607.9438947,0.7130710876045164,0.4634683925130441,0.5834208035371424,1,13.218390804597702,11.931818181818187,감소형,,,,,,,,,,,,,,NO_DATA,,0.0,,5.7,관찰,5.7
2026-09-27T19:32:28+09:00,AXL,KRW-AXL,,77.1,6.34482759,2346377879.4746947,1790505145725,False,False,,358943771.528814,490369345.40625334,368343951.150007,827496735.4252514,904972583.5669816,0.7319865625601902,0.6386104305885478,0.2944672268031525,1,5.3779069767441845,1.9690576652602099,감소형,,,,,,,,,,,,,,NO_DATA,,0.0,,5.6,관찰,5.6
2026-09-27T19:32:28+09:00,RED,KRW-RED,,234.0,1.2987013,671216883.5749512,1790505105239,False,False,,884460140.9396214,2204074590.0917773,640842412.1753476,1222816918.1502063,1010173800.4242463,0.4012841239201404,0.6522994066796384,0.7492043246844261,1,10.526315789473696,12.135922330097081,감소형,,,,,,,,,,,,,,NO_DATA,,0.0,,5.6,관찰,5.6
2026-09-27T19:32:28+09:00,CHIP,KRW-CHIP,,67.3,1.66163142,3107020237.097943,1790505145410,False,False,,3073121789.3010616,4268932407.2429996,5271834333.730741,4756169042.432073,4111369274.789103,0.7198806390297879,0.6448490437093471,0.56401421976694,1,14.53287197231834,5.0793650793650835,감소형,,,,,,,,,,,,,,NO_DATA,,0.0,,5.5,관찰,5.5
2026-09-27T19:32:28+09:00,A,KRW-A,,142.0,2.15827338,466751424.8715664,1790505076351,False,False,,421954743.427924,608212345.2589536,716662038.5041709,1066322565.2732933,1383003699.6623428,0.6937622143270896,0.5293851812557213,0.44424776525333415,1,10.317460317460325,10.317460317460325,감소형,,,,,,,,,,,,,,NO_DATA,,0.0,,5.4,관찰,5.4
2026-09-27T19:32:28+09:00,SIGN,KRW-SIGN,,19.1,1.5957446800000001,736024446.5421526,1790505083839,False,False,,586277738.0114946,1541002300.8490715,489528796.0384107,999778247.71731,671805223.8335526,0.3804522145674043,0.580413751211881,0.5986671443603628,1,9.941520467836252,14.634146341463428,감소형,,,,,,,,,,,,,,NO_DATA,,0.0,,5.0,관찰,5.0
2026-09-27T19:32:28+09:00,GRT,KRW-GRT,,38.0,1.06382979,780478178.7557636,1790505145077,False,False,,731855728.3630054,1211123677.7500463,951787328.2330859,2101522100.2157292,1056286694.7942948,0.6042782762885155,0.5148555811316393,0.5632606695953807,1,10.26392961876832,17.868338557993745,감소형,,,,,,,,,,,,,,NO_DATA,,0.0,,4.6,관찰,4.6
2026-09-27T19:32:28+09:00,SC,KRW-SC,,1.55,6.16438356,9386716673.577065,1790505141190,False,False,,1376351611.1847699,3556456943.0561314,955904669.1379834,4963779603.161496,809053872.4821354,0.3870007800521956,0.4357316696445367,0.6139796784856743,1,8.955223880596996,10.606060606060597,감소형,,,,,,,,,,,,,,NO_DATA,,0.0,,2.6,관찰,2.6
2026-09-27T19:32:28+09:00,BIGTIME,KRW-BIGTIME,,13.3,7.2580645200000005,2990864759.474367,1790505112643,False,False,,1147267740.7328522,1669694652.512611,684288594.7464048,1136401114.5560539,644978334.6270931,0.6871123046398971,0.9860814355725425,1.1378893191580854,1,11.711711711711725,9.734513274336276,감소형,,,,,,,,,,,,,,NO_DATA,,0.0,,1.6,관찰,1.6
2026-09-27T19:32:28+09:00,LSK,KRW-LSK,,407.0,-2.16346154,3657397642.055305,1790505117171,False,True,글로벌가격차이,4661539319.073166,9249159864.055618,36347301996.22043,11009233576.320787,28988238641.431293,0.5039959723465252,0.24705319578457355,0.25200460153733406,1,4.0000000000000036,11.229946524064172,감소형,,,,,,,,,,,,,,NO_DATA,,0.0,,1.1,관찰,1.1
2026-09-27T19:32:28+09:00,ORCA,KRW-ORCA,,2464.0,10.09830206,7693156089.238308,1790505150949,False,False,,766264200.6482804,1170744280.1362903,1695147149.2328582,3455183343.948443,1085809691.7455356,0.6545103090822506,0.3636711610576833,0.45554275824931734,1,6.06635071090047,8.95813047711782,감소형,,,,,,,,,,,,,,NO_DATA,,0.0,,0.8,관찰,0.8
2026-09-27T19:32:28+09:00,AVNT,KRW-AVNT,,174.0,-1.6949152499999998,2243997556.8256593,1790505117833,False,False,,5782477902.048407,1752719222.1020172,1150978016.5932298,2381212864.789187,2704188126.4419727,3.299146736756583,3.2824463172434575,2.6112799927376056,3,17.999999999999993,12.73885350318471,가속형,,,,,,,,,,,,,,NO_DATA,,0.0,,63.0,시동,63.0
2026-09-27T19:32:28+09:00,WAXP,KRW-WAXP,,8.68,-4.08839779,11207682068.242926,1790505144095,False,True,거래량급등,42462153497.91535,22824305048.547558,181620909.6402677,393643010.4519714,303773448.79495156,1.860391955312456,5.443966111703594,8.792500991904117,3,21.96765498652291,20.66666666666668,가속형,,,,,,,,,,,,,,NO_DATA,,0.0,,55.8,시동,55.8
2026-09-27T19:32:28+09:00,SOMI,KRW-SOMI,,294.0,-2.3255814,348863497.7030649,1790505127936,False,False,,420368634.5193351,148701151.869303,135297929.99869627,232961572.29158592,372711970.32817864,2.8269359667691556,2.439462062365588,1.2091322565310707,3,18.972332015810277,16.666666666666675,가속형,,,,,,,,,,,,,,NO_DATA,,0.0,,48.3,시동,48.3
2026-09-27T19:32:28+09:00,KITE,KRW-KITE,,204.0,-1.9230769200000002,5777722906.160536,1790505085780,False,False,,4620954677.440816,1959462780.5447605,1645136779.0401716,3999601697.563446,9831140481.348755,2.3582763211027262,1.8230532785137128,1.2409225350571953,3,13.661202185792343,29.19254658385093,가속형,,,,,,,,,,,,,,NO_DATA,,0.0,,42.6,시동,42.6
2026-09-27T19:32:28+09:00,CC,KRW-CC,,187.0,1.63043478,2830383602.370485,1790505123646,False,False,,4761875245.716115,3969138686.9737163,2608936747.0009675,2991076611.0929365,2195860727.7892985,1.1997250842718281,1.4928831384293673,1.6874264223072426,3,21.85430463576159,14.28571428571428,고수준 유지형,,,,,,,,,,,,,,NO_DATA,,0.0,,36.3,시동,36.3
2026-09-27T19:32:28+09:00,STEEM,KRW-STEEM,,90.4,-4.03397028,4323830243.7363825,1790505150615,False,False,,20901412604.131207,10756260792.167986,36332726731.825714,1917377413.5040665,1177624724.16366,1.9431857415869151,1.279512118321079,2.0432546777589047,2,18.341708542713576,19.69504447268107,중립,,,,,,,,,,,,,,NO_DATA,,0.0,,29.7,시동,29.7
2026-09-27T19:32:28+09:00,FIL,KRW-FIL,,1550.0,0.5840363399999999,20180878852.75729,1790505141185,False,True,거래량급등,18443857953.829006,3146047633.4990187,3185409877.1442676,5224206228.811191,4186280829.928217,5.862548855725951,4.788264448416627,4.789598920784836,2,19.922178988326845,15.6039009752438,일회성 폭증형,,,,,,,,,,,,,,NO_DATA,,0.0,,26.1,시동,26.1
2026-09-27T19:32:28+09:00,PROM,KRW-PROM,,8660.0,1.4645577,13981035872.871477,1790505145390,False,False,,21579936425.72203,3893344132.355357,17867927015.01864,3388322516.7550354,4304636776.007568,5.542776516050435,2.574189076044785,3.558157925281586,2,22.80575539568346,25.146627565982406,일회성 폭증형,,,,,,,,,,,,,,NO_DATA,,0.0,,24.9,시동,24.9
2026-09-27T19:32:28+09:00,CFG,KRW-CFG,,228.0,-0.8695652200000001,3775693004.3849325,1790505123004,False,False,,4083906565.855541,3885777834.9190354,4720810978.725211,3044107824.47045,1614905786.0346408,1.050988177748107,1.0515868774306343,1.2118935949501821,2,17.948717948717952,22.34042553191489,중립,,,,,,,,,,,,,,NO_DATA,,0.0,,23.3,시동,23.3
2026-09-27T19:32:28+09:00,SENT,KRW-SENT,,31.8,-1.85185185,277846110.4341626,1790504720159,False,False,,568315142.5595218,521080633.07266086,1042542809.2756765,4897154485.106926,746682627.1079001,1.0906472175109114,0.2638916624008001,0.37442450187846416,2,12.5,26.56249999999998,중립,,,,,,,,,,,,,,NO_DATA,,0.0,,22.8,시동,22.8
2026-09-27T19:32:28+09:00,UP2,KRW-UP2,,96.7,-3.00902708,1694311151.2279842,1790505109115,False,False,,3320237954.492803,4140424663.944608,9121690269.55546,22677085362.77111,1973703867.9501529,0.8019075877423626,0.2771545772127787,0.42868487551667694,1,8.017334777898167,21.142162818955047,중립,,,,,,,,,,,,,,NO_DATA,,0.0,,17.5,시동,17.5
2026-09-27T19:32:28+09:00,POL,KRW-POL,,163.0,-0.6097560999999999,2287625121.578798,1790505125958,False,False,,3602430986.3148084,4454245326.758308,3746017336.532518,6316580413.86697,3482901291.882836,0.8087634878738416,0.7444657837453423,0.75136508502736,1,17.985611510791365,8.609271523178808,중립,,,,,,,,,,,,,,NO_DATA,,0.0,,16.8,시동,16.8
2026-09-27T19:32:28+09:00,JUP,KRW-JUP,,468.0,1.2987013,2574822639.03914,1790504979073,False,False,,3701969898.403964,4706453927.904771,5739589855.251501,3115259946.378277,2849461655.910515,0.7865730664980747,0.8189411517290063,0.8503968170410099,1,15.500000000000004,14.356435643564346,중립,,,,,,,,,,,,,,NO_DATA,,0.0,,15.4,시동,15.4
2026-09-27T19:32:28+09:00,PLUME,KRW-PLUME,,25.5,3.2388663999999996,2946408346.3540077,1790505116526,False,False,,3407720479.381135,4489907543.75483,6476327931.8389435,2363078480.1987147,1651758237.5168674,0.7589734189785384,0.7669683130016418,1.0257964592949318,1,14.883720930232558,21.078431372549034,중립,,,,,,,,,,,,,,NO_DATA,,0.0,,12.7,시동,12.7
2026-09-27T19:32:28+09:00,BLAST,KRW-BLAST,,0.648,-1.2195121999999998,5667984834.413439,1790505146380,False,False,,4104984173.507495,27362214893.855743,4219603536.204266,46160069348.195274,5233718882.863776,0.15002382626668428,0.1584082001667964,0.24393104878163352,1,0.9230769230769154,23.076923076923084,감소형,,,,,,,,,,,,,,NO_DATA,,0.0,,7.6,시동,7.6
2026-09-27T19:32:28+09:00,CPOOL,KRW-CPOOL,,49.8,-2.734375,6128093421.093372,1790505143131,False,False,,26946587683.036934,3169764996.98009,14137399776.086727,86128004791.0223,4386791449.631016,8.501131064514114,0.7815500606785581,1.2044484120560999,2,6.224066390041494,33.68146214099219,일회성 폭증형,,,,,,,,,,,,,,NO_DATA,,0.0,,6.8,시동,6.8
2026-09-27T19:32:28+09:00,BCH,KRW-BCH,,463000.0,1.18006993,8408198401.015081,1790505124965,False,False,,5935642055.974839,12308245510.592625,24775409951.055656,97141284273.5118,91252987183.04053,0.4822492410365518,0.13266481030320784,0.1237977120052864,1,-1.2729234088457386,26.65375034597288,감소형,,,,,,,,,,,,,,NO_DATA,,0.0,,6.2,시동,6.2
2026-09-27T19:32:28+09:00,MET2,KRW-MET2,,492.0,2.9288702900000003,762769324.7974919,1790505004483,False,False,,846374243.0733413,1242903949.3253098,2833595948.7933507,21603751334.595505,1243319510.2147694,0.680965124885782,0.09887452837632,0.15332836316741644,1,1.7021276595744705,24.479166666666675,감소형,,,,,,,,,,,,,,NO_DATA,,0.0,,4.7,시동,4.7
2026-09-27T19:32:28+09:00,OP,KRW-OP,,197.0,0.51020408,603834181.525664,1790505111046,False,False,,816831250.957464,1571187955.011534,1597657854.4682693,1923671876.0399952,1343738377.6779423,0.5198813091406799,0.4811949421089281,0.4943417111538129,1,15.976331360946737,13.953488372093027,감소형,,,,,,,,,,,,,,NO_DATA,,0.0,,3.9,시동,3.9
2026-09-27T19:32:28+09:00,SPK,KRW-SPK,,34.7,1.16618076,2307692811.4145927,1790505043619,False,False,,3010280144.735454,6663872183.252292,465752301.2905843,1284345044.045714,846515996.7926046,0.45173137508563255,1.073315086716418,1.4252102849273973,1,22.93906810035842,18.685121107266433,감소형,,,,,,,,,,,,,,NO_DATA,,0.0,,2.7,시동,2.7
2026-09-27T19:32:28+09:00,XPL,KRW-XPL,,151.0,-0.65789474,11680683948.580263,1790505141192,False,False,,13516830536.158382,24378451291.233715,13161432831.54337,10457320600.377972,9743554029.184214,0.554458130858334,0.8448511083586617,0.9040563725407813,1,21.599999999999998,15.15151515151516,감소형,,,,,,,,,,,,,,NO_DATA,,0.0,,2.1,시동,2.1
2026-09-27T19:32:28+09:00,NEAR,KRW-NEAR,,7095.0,3.57664234,62875655405.54445,1790505149965,False,False,,31254861439.00797,72064149364.41997,73082410539.58403,90832970870.53133,65412079711.7278,0.43370887902881905,0.39734202373090777,0.4277294796556684,1,15.222876366694704,18.71750433275563,감소형,,,,,,,,,,,,,,NO_DATA,,0.0,,0.7,시동,0.7
2026-09-27T19:32:28+09:00,SUI,KRW-SUI,,1704.0,7.57575758,57679599935.03818,1790505151284,False,False,,37959648415.27883,92344810108.28906,27258664338.04493,37117718593.12104,48484406272.05529,0.41106423166353445,0.7266339863630769,0.6232101352737766,1,20.090978013646698,12.420156139105742,감소형,,,,,,,,,,,,,,NO_DATA,,0.0,,0,시동,0
2026-09-27T19:32:28+09:00,SEI,KRW-SEI,,103.0,5.31697342,9526497686.998203,1790505127584,False,False,,9321732754.902367,20394772206.696033,5879647499.848794,6985581769.358609,17085140590.674398,0.4570648134938151,0.840805683215848,0.550605968684984,1,20.59186189889026,21.641791044776106,감소형,,,,,,,,,,,,,,NO_DATA,,0.0,,0,시동,0
2026-09-27T19:32:28+09:00,DEEP,KRW-DEEP,,32.7,7.213114750000001,2253590308.800189,1790505143140,False,False,,1404081062.7881067,6620882322.359408,1232392328.725216,830992587.3002938,961198650.655592,0.21206857249922398,0.4850430177627404,0.5428646298708902,1,22.489959839357443,11.721611721611724,감소형,,,,,,,,,,,,,,NO_DATA,,0.0,,0,시동,0
2026-09-27T19:32:28+09:00,ARK,KRW-ARK,,354.0,-0.28169014,37370367425.5727,1790505148329,False,False,,55885811049.05972,52682106069.79903,12628264103.34839,3392887772.0143294,2253887005.923058,1.0608120141403625,2.440312703671224,3.832762570157341,5,62.10045662100456,70.67307692307692,연속 가속형,,,,,,,,,,,,,,NO_DATA,,0.0,,66.5,이미 발동,66.5
2026-09-27T19:32:28+09:00,EDGE,KRW-EDGE,,193.0,0.0,41463645655.43254,1790505148990,False,True,"거래량급등,입금량급등",50292055955.15759,14228712507.995514,993838171.4625647,2265532510.5811124,957011196.6579014,3.534547200029312,8.627370205524203,12.227466558424844,3,67.82608695652175,69.29824561403508,가속형,,,,,,,,,,,,,,NO_DATA,,0.0,,53.0,이미 발동,53.0
2026-09-27T19:32:28+09:00,KMNO,KRW-KMNO,,63.7,-6.4610866399999995,16843955705.896605,1790505145069,False,True,거래량급등,15492312873.99916,3889318693.153313,1784476065.7613142,2653405455.862969,638680850.8813342,3.9832973577792816,5.581340357293041,4.824052688053351,3,40.123456790123434,47.7223427331887,가속형,,,,,,,,,,,,,,NO_DATA,,0.0,,53.0,이미 발동,53.0
2026-09-27T19:32:28+09:00,SOON,KRW-SOON,,402.0,28.84615385,53947445398.42512,1790505148988,False,True,거래량급등,2942006336.9793057,307195966.51245296,252653347.67808473,677391423.3565129,458426645.3198881,9.576969288950753,7.133631105969203,7.393538843123405,3,18.181818181818187,18.181818181818187,가속형,,,,,,,,,,,,,,NO_DATA,,0.0,,47.6,이미 발동,47.6
2026-09-27T19:32:28+09:00,WLD,KRW-WLD,,770.0,8.14606742,98127217068.2999,1790505148320,False,False,,77697669029.96974,52565565893.37676,39959977333.64724,42745220250.78275,27636946755.2671,1.4781096276518848,1.7231588045864152,1.9941637310938631,3,27.370304114490153,15.024232633279478,가속형,,,,,,,,,,,,,,NO_DATA,,0.0,,38.9,이미 발동,38.9
2026-09-27T19:32:28+09:00,W,KRW-W,,21.0,17.97752809,11923317992.970276,1790505148652,False,False,,1131367014.048889,836731873.5387086,521776961.02423143,1022270842.024354,708079457.8573585,1.3521261109178364,1.4256258466604135,1.1638106388960374,3,14.83870967741936,9.876543209876543,고수준 유지형,,,,,,,,,,,,,,NO_DATA,,0.0,,27.9,이미 발동,27.9
2026-09-27T19:32:28+09:00,PYTH,KRW-PYTH,,116.0,4.5045044999999995,4919188522.410405,1790505028423,False,False,,3468921211.4411983,3047857447.5176573,2924728495.8141713,3915445426.674636,8515974475.599065,1.1381507407003166,1.0524606208158491,0.8443698531302827,3,29.220023282887063,28.621089223638485,중립,,,,,,,,,,,,,,NO_DATA,,0.0,,23.5,이미 발동,23.5
2026-09-27T19:32:28+09:00,2Z,KRW-2Z,,93.1,-5.57809331,27405443866.405655,1790505148317,False,True,"거래량급등,입금량급등",46377199389.2875,1816024776.7233481,4426320467.1560545,1010653498.5870003,793098232.2870246,25.53775696439882,19.182630951422226,25.784665467719627,2,39.06911142454159,40.056818181818166,일회성 폭증형,,,,,,,,,,,,,,NO_DATA,,0.0,,22.0,이미 발동,22.0
2026-09-27T19:32:28+09:00,SUPER,KRW-SUPER,,287.0,2.86738351,956269221.1434337,1790504924918,False,False,,665389665.6627365,255317218.9796544,946627186.7872822,14373498003.060947,210063870.47633114,2.606129223567016,0.12816130319719304,0.19960144896664636,2,15.767634854771796,36.09756097560977,중립,,,,,,,,,,,,,,NO_DATA,,0.0,,18.2,이미 발동,18.2
2026-09-27T19:32:28+09:00,AERO,KRW-AERO,,1164.0,-1.10450297,2350167248.480543,1790505117829,False,False,,5832876685.539823,9569737373.453264,556927863.2984602,2030215695.5642734,736086441.6119194,0.6095127230680746,1.4394012867316794,2.022001928543911,1,29.198682766191,24.550264550264544,감소형,,,,,,,,,,,,,,NO_DATA,,0.0,,8.2,이미 발동,8.2
2026-09-27T19:32:28+09:00,ZRO,KRW-ZRO,,2221.0,2.30308614,2017833779.6649127,1790505137311,False,False,,2688053191.834902,7174899630.116448,9700905994.68138,14936086077.33316,10655614168.72199,0.3746468007094999,0.25349512852027317,0.2991421247493874,1,5.4907677356657025,35.857321652065075,감소형,,,,,,,,,,,,,,NO_DATA,,0.0,,2.2,이미 발동,2.2
2026-09-27T19:32:28+09:00,ONDO,KRW-ONDO,,739.0,0.95628415,48168991415.329124,1790505151280,False,False,,51648941979.017944,182249626730.641,212301739136.4852,51633687378.31411,54275421378.62401,0.28339669554085506,0.3472703193663901,0.46105354387241354,1,29.328621908127218,18.446601941747566,감소형,,,,,,,,,,,,,,NO_DATA,,0.0,,0.2,이미 발동,0.2
2026-09-27T19:32:28+09:00,ENA,KRW-ENA,,372.0,1.36239782,27819135880.681595,1790505150613,False,False,,42380982587.99021,58634115789.54371,29841860937.01719,26144984028.471283,28788262258.684547,0.7228041562033424,1.109246920689318,1.0816007689080627,1,29.681978798586584,27.430555555555557,감소형,,,,,,,,,,,,,,NO_DATA,,0.0,,0,이미 발동,0
2026-09-27T19:32:28+09:00,B3,KRW-B3,,1.19,6.25,13894762388.867027,1790505147346,False,False,,4878575540.299883,33742862659.562485,4519018857.223932,43335091960.85083,2319675230.466297,0.14458096189172406,0.17936604750310703,0.286225270367764,1,9.80392156862746,36.91931540342301,감소형,,,,,,,,,,,,,,NO_DATA,,0.0,,0,이미 발동,0
2026-09-27T19:32:28+09:00,JTO,KRW-JTO,,875.0,6.968215160000001,6002187492.376159,1790505148321,False,False,,4522920033.734624,8337085133.595275,2877686035.285347,4143641074.957268,2336085631.799267,0.5425061590781868,0.8834741434061932,1.04457615382493,1,31.30016051364366,18.20809248554913,감소형,,,,,,,,,,,,,,NO_DATA,,0.0,,0,이미 발동,0
2026-09-27T19:32:28+09:00,MANTRA,KRW-MANTRA,,7.05,-2.75862069,2847311791.7256703,1790505124975,True,False,,4180910332.930153,38492457450.42491,2991482478.067636,774887559.6126161,1051139326.1602514,0.108616352653369,0.29680735941670255,0.4110649427858522,1,15.814696485623013,10.518292682926834,감소형,,,,,,,,,,,,,,NO_DATA,,0.0,,0,유의종목,0
2026-09-27T19:32:28+09:00,SAND,KRW-SAND,,61.3,0.32733224,1761857005.2094646,1790505121716,True,False,,2235041380.468845,5942227861.32193,2029361352.03652,5944895723.500585,2091094524.5369477,0.3761285215965497,0.48181161922917926,0.5807298800337474,1,9.694793536804314,7.950530035335679,감소형,,,,,,,,,,,,,,NO_DATA,,0.0,,0,유의종목,0
2026-09-27T19:32:28+09:00,SOPH,KRW-SOPH,,5.35,-0.18656715999999998,1472013010.977696,1790505091609,True,False,,1412164280.628409,1791869991.560728,4613225693.404075,3045125179.522937,11986649091.712015,0.7880952788312541,0.4482956433119165,0.27413041240225844,1,3.875968992248069,-12.274959083469717,중립,,,,,,,,,,,,,,NO_DATA,,0.0,,0,유의종목,0
2026-09-27T19:32:28+09:00,EGLD,KRW-EGLD,,6700.0,-2.04678363,1317933239.4725363,1790505092256,True,False,,2725265739.736606,8669285212.33961,92211240860.45322,2595424439.9131804,1437908511.8842857,0.31435875888101383,0.07901156914916087,0.12501972244930742,1,14.957983193277302,12.223133716160795,감소형,,,,,,,,,,,,,,NO_DATA,,0.0,,0,유의종목,0
2026-09-27T19:32:28+09:00,RVN,KRW-RVN,,3.37,0.0,752063774.4191129,1790505136004,True,False,,729312151.3701749,1294438833.3449526,1992025259.1813576,1917711221.0750299,6400571778.533943,0.5634195549322042,0.4204194367534577,0.2837809889915332,1,4.658385093167694,4.334365325077405,감소형,,,,,,,,,,,,,,NO_DATA,,0.0,,0,유의종목,0
2026-09-27T19:32:28+09:00,ZIL,KRW-ZIL,,4.65,-1.6913319199999999,518714744.1983216,1790505151601,True,False,,753082291.889733,6935308182.743683,2069883485.6802201,1375602171.1410267,2024294507.0279028,0.1085867090612555,0.2176371971725706,0.22865597635531196,1,5.816554809843422,6.0538116591928315,감소형,,,,,,,,,,,,,,NO_DATA,,0.0,,0,유의종목,0
2026-09-27T19:32:28+09:00,ICX,KRW-ICX,,19.6,0.0,381230633.20631987,1790505065352,True,False,,490681587.1460156,1806613109.393738,820791151.5531006,1115014111.2166288,1567171925.3032293,0.27160302590225205,0.39334051275166954,0.32306370134312207,1,0.512820512820511,2.083333333333348,감소형,,,,,,,,,,,,,,NO_DATA,,0.0,,0,유의종목,0
